title,chart_type,level,kojinsa,bpi_at_aaa,bpi_at_9444,cpi_hard,cpi_exhard,source
FUTURE is Dead,SPA,13.0,—,46.4,71.0,1838.0,2317.0,chart_features_only
Beat Juggling Mix,SPA,12.9,—,42.2,65.4,1770.0,2160.0,chart_features_only
Souhait bleu,SPA,12.8,—,35.9,61.8,1722.0,2147.0,chart_features_only
Halfway of promise,SPA,12.7,—,36.3,62.6,1683.0,2117.0,chart_features_only
ラクエン,SPA,12.7,—,40.3,61.5,1696.0,2038.0,chart_features_only
花冠 feat.Aikapin,SPA,12.7,—,33.2,57.9,1744.0,2092.0,chart_features_only
Ride To The Core,SPA,12.6,—,30.8,54.0,1690.0,2126.0,chart_features_only
君のハートにロックオン,SPA,12.6,—,32.1,62.8,1699.0,1952.0,chart_features_only
IDC feat.REVERBEE (Mo'Cuts Ver),SPA,12.6,—,31.3,59.0,1647.0,2070.0,chart_features_only
CHECKING YOU OUT,SPA,12.5,—,34.2,60.4,1625.0,2018.0,chart_features_only
Wonder Bullfighter,SPA,12.5,—,34.0,52.0,1684.0,2041.0,chart_features_only
チェイスチェイスジョーカーズのうた(オニスタイルリミックス),SPA,12.5,—,17.1,42.9,1768.0,2227.0,chart_features_only
ディッシュウォッシャー◎彡おいわちゃん,SPA,12.5,—,19.7,42.9,1755.0,2208.0,chart_features_only
100% minimoo-G,SPA,12.5,—,31.3,56.6,1633.0,2068.0,chart_features_only
Just a Little Smile,SPA,12.5,—,36.9,53.2,1638.0,2033.0,chart_features_only
Theory,SPA,12.5,—,28.7,54.3,1672.0,2060.0,chart_features_only
SAMURAI-Scramble,SPA,12.5,—,31.6,52.0,1646.0,2085.0,chart_features_only
ÆTHER,SPA,12.5,—,27.8,53.2,1706.0,2029.0,chart_features_only
ベラ・ベ・カラベラ,SPA,12.5,—,34.4,52.5,1642.0,2038.0,chart_features_only
Scandal,SPA,12.5,—,33.9,56.6,1633.0,1995.0,chart_features_only
Bling-Bang-Bang-Born,SPL,12.5,—,34.6,53.4,1620.0,2028.0,chart_features_only
Catch Me,SPL,12.4,—,35.1,54.9,1600.0,2009.0,chart_features_only
Digitank System,SPA,12.4,—,34.6,56.7,1594.0,1996.0,chart_features_only
TOKAKU=ALMiRAJ,SPA,12.4,—,30.7,52.5,1653.0,1989.0,chart_features_only
バンブーソード・ガール,SPA,12.4,—,26.0,48.1,1714.0,2014.0,chart_features_only
Brahma,SPA,12.4,—,22.4,51.5,1652.0,2095.0,chart_features_only
naughty girl@Queen's Palace,SPA,12.4,—,26.5,51.8,1656.0,2038.0,chart_features_only
Beastie Starter,SPA,12.4,—,22.8,47.0,1680.0,2104.0,chart_features_only
m1dy Deluxe,SPA,12.4,—,27.7,46.4,1673.0,2063.0,chart_features_only
27th style,SPA,12.4,—,31.1,50.3,1623.0,2044.0,chart_features_only
Angelic Jelly,SPA,12.4,—,24.2,48.7,1671.0,2055.0,chart_features_only
Illegal Function Call,SPA,12.4,—,27.5,58.7,1638.0,1930.0,chart_features_only
朝焼けから始まるボクらの小さな旅,SPA,12.4,—,27.4,49.5,1650.0,2028.0,chart_features_only
SABER WING,SPA,12.4,—,23.2,41.7,1734.0,2049.0,chart_features_only
カジノファイヤーことみちゃん,SPA,12.4,—,20.1,47.4,1685.0,2066.0,chart_features_only
LAB,SPL,12.4,—,23.2,46.8,1700.0,2014.0,chart_features_only
Space In Time,SPA,12.4,—,25.5,49.8,1673.0,1981.0,chart_features_only
SWEETEST SAVAGE,SPA,12.4,—,30.8,51.5,1582.0,2022.0,chart_features_only
御千手メディテーション,SPA,12.4,—,24.8,52.2,1628.0,2000.0,chart_features_only
A Tale Hidden In The Abyss,SPA,12.4,—,20.8,48.3,1694.0,2002.0,chart_features_only
TRIP THE DEEP,SPA,12.4,—,29.9,51.2,1583.0,2016.0,chart_features_only
Engraved Mark,SPA,12.3,—,23.5,46.8,1689.0,1983.0,chart_features_only
Critical Crystal,SPA,12.3,—,24.6,47.4,1670.0,1987.0,chart_features_only
m1dy Festival,SPA,12.3,—,28.4,49.2,1641.0,1955.0,chart_features_only
1st Samurai,SPA,12.3,—,25.5,49.1,1676.0,1937.0,chart_features_only
rough percussionythm,SPA,12.3,—,22.5,45.0,1658.0,2040.0,chart_features_only
KYAMISAMA ONEGAI!,SPL,12.3,—,26.0,48.5,1654.0,1943.0,chart_features_only
"TAKA\,",SPA,12.3,—,24.6,51.4,1625.0,1955.0,chart_features_only
DISPARATE,SPA,12.3,—,23.9,46.1,1622.0,2031.0,chart_features_only
outer wall,SPL,12.3,—,22.9,47.1,1626.0,2022.0,chart_features_only
GO!,SPA,12.3,—,29.1,54.6,1577.0,1923.0,chart_features_only
GALGALIM,SPA,12.3,—,25.4,44.6,1660.0,1973.0,chart_features_only
時空トラベローグ,SPA,12.3,—,24.8,50.8,1631.0,1941.0,chart_features_only
とろぴかる倶楽部,SPA,12.3,—,29.6,50.2,1571.0,1970.0,chart_features_only
VOLCANIC BIGBEAT,SPA,12.3,—,29.7,49.1,1564.0,1989.0,chart_features_only
煉獄コンフィチュール,SPA,12.3,—,24.0,52.8,1623.0,1922.0,chart_features_only
Erosion Mark,SPA,12.3,—,22.8,42.9,1660.0,2004.0,chart_features_only
Raison d'être～交差する宿命～,SPA,12.3,—,20.4,46.9,1695.0,1930.0,chart_features_only
D,SPA,12.3,—,28.9,50.3,1595.0,1929.0,chart_features_only
Atröpøs,SPA,12.3,—,23.7,45.3,1665.0,1950.0,chart_features_only
あるビー！ feat.ころねぽち,SPA,12.3,—,21.9,44.2,1647.0,2010.0,chart_features_only
Broadbanded,SPA,12.3,—,24.3,46.0,1643.0,1959.0,chart_features_only
Shiva,SPA,12.3,—,25.0,47.1,1635.0,1949.0,chart_features_only
m1dy Dynamic,SPA,12.3,—,22.5,47.5,1629.0,1976.0,chart_features_only
KEY,SPA,12.3,—,8.1,37.1,1723.0,2140.0,chart_features_only
Click Again,SPA,12.3,—,26.1,47.7,1600.0,1972.0,chart_features_only
Kecak,SPA,12.3,—,28.4,48.7,1604.0,1910.0,chart_features_only
うさ☆かめ 大戦争！,SPA,12.3,—,24.3,47.5,1652.0,1905.0,chart_features_only
CONTRACT,SPA,12.2,—,23.8,44.5,1659.0,1933.0,chart_features_only
ハイテックトキオ,SPA,12.2,—,19.5,40.4,1693.0,1982.0,chart_features_only
Sakura Mirage,SPA,12.2,—,24.3,44.2,1629.0,1964.0,chart_features_only
LOVE IS DREAMINESS,SPA,12.2,—,15.0,42.7,1660.0,2045.0,chart_features_only
BRAVE OUT,SPL,12.2,—,22.0,44.2,1671.0,1929.0,chart_features_only
FINALLY BLAZE,SPA,12.2,—,18.6,44.7,1655.0,1984.0,chart_features_only
ANTHEM LANDING,SPA,12.2,—,17.2,45.6,1627.0,2027.0,chart_features_only
SHADE,SPA,12.2,—,17.2,45.6,1627.0,2027.0,chart_features_only
DIAMOND JACKAL,SPA,12.2,—,27.2,50.2,1582.0,1919.0,chart_features_only
Sarutobi Champion is 拙者,SPA,12.2,—,24.2,49.4,1595.0,1940.0,chart_features_only
Snow Goose,SPA,12.2,—,20.6,44.6,1663.0,1943.0,chart_features_only
TYPE MARS(G-Style Mix),SPA,12.2,—,20.0,42.3,1669.0,1969.0,chart_features_only
Red Determination,SPA,12.2,—,22.2,44.1,1627.0,1980.0,chart_features_only
もっと!モット!ときめき feat.松下,SPA,12.2,—,19.0,42.9,1671.0,1968.0,chart_features_only
I Love You,SPA,12.2,—,23.4,43.3,1645.0,1943.0,chart_features_only
Game Changers,SPA,12.2,—,24.3,49.1,1586.0,1942.0,chart_features_only
BattleRoyal,SPA,12.2,—,21.8,47.8,1610.0,1953.0,chart_features_only
REVOLVER,SPA,12.2,—,20.4,46.4,1649.0,1927.0,chart_features_only
SEITEN NO TERIYAKI,SPA,12.2,—,23.9,49.3,1599.0,1915.0,chart_features_only
Dark Fall,SPA,12.2,—,23.8,40.4,1664.0,1933.0,chart_features_only
In the Blackest Den,SPA,12.2,—,21.3,44.8,1640.0,1942.0,chart_features_only
Modular Technology,SPA,12.2,—,25.4,47.2,1595.0,1925.0,chart_features_only
On the FM,SPA,12.2,—,21.5,45.0,1627.0,1953.0,chart_features_only
A Certified Rave Moment,SPA,12.2,—,22.3,44.8,1590.0,1993.0,chart_features_only
Around the Future,SPA,12.2,—,25.6,45.8,1581.0,1953.0,chart_features_only
Selfish Sweet,SPL,12.2,—,22.1,45.6,1622.0,1934.0,chart_features_only
Crazy Jackpot,SPA,12.2,—,25.0,47.1,1606.0,1901.0,chart_features_only
Overload Frontier,SPA,12.2,—,16.2,40.9,1657.0,2006.0,chart_features_only
CALL,SPL,12.2,—,16.0,39.0,1677.0,2005.0,chart_features_only
n'pa pa BBQ,SPA,12.2,—,20.0,50.9,1606.0,1909.0,chart_features_only
Be a Hero!,SPA,12.2,—,17.1,42.7,1668.0,1958.0,chart_features_only
泰東ノ翠霞,SPA,12.2,—,17.7,48.0,1584.0,1998.0,chart_features_only
SCHWARZSCHILD FIELD,SPA,12.2,—,27.0,49.2,1551.0,1922.0,chart_features_only
This Is Club Musik feat. 大久保紅葉,SPA,12.2,—,23.3,44.5,1596.0,1960.0,chart_features_only
Routing,SPA,12.2,—,19.7,43.4,1613.0,1990.0,chart_features_only
Drop It,SPA,12.2,—,24.6,47.9,1590.0,1910.0,chart_features_only
Flash Back 90's,SPL,12.2,—,17.4,41.0,1663.0,1974.0,chart_features_only
STARLIGHT JUNCTION,SPL,12.2,—,20.1,43.1,1648.0,1930.0,chart_features_only
Scripted Connection⇒ N mix,SPL,12.2,—,23.4,43.8,1619.0,1922.0,chart_features_only
TECHNO RUMBLE,SPA,12.2,—,22.4,44.5,1607.0,1941.0,chart_features_only
HELL SCAPER-Last Escape Remix-,SPA,12.2,—,16.1,36.0,1660.0,2046.0,chart_features_only
Uh-Oh,SPA,12.2,—,19.7,42.0,1607.0,2000.0,chart_features_only
おーまい！らぶりー！すうぃーてぃ！だーりん！,SPA,12.2,—,22.3,45.6,1615.0,1912.0,chart_features_only
Get Higher,SPA,12.2,—,19.9,40.8,1665.0,1928.0,chart_features_only
Star Trail,SPL,12.2,—,21.8,43.1,1634.0,1919.0,chart_features_only
i-ii,SPA,12.2,—,25.2,48.4,1562.0,1912.0,chart_features_only
UMMU,SPA,12.2,—,25.0,47.3,1571.0,1914.0,chart_features_only
Caldwell 99,SPA,12.2,—,20.7,44.9,1612.0,1932.0,chart_features_only
Abraxas,SPA,12.2,—,23.9,45.4,1586.0,1924.0,chart_features_only
《ORDERBREAKER》,SPA,12.2,—,18.3,43.2,1657.0,1914.0,chart_features_only
CODE:Ø,SPA,12.2,—,25.7,51.0,1547.0,1886.0,chart_features_only
Take It Easy,SPA,12.2,—,9.9,41.2,1680.0,2004.0,chart_features_only
Zenith,SPA,12.2,—,13.8,36.7,1714.0,1966.0,chart_features_only
chaos eater-IIDX edition-,SPA,12.2,—,18.7,40.3,1633.0,1975.0,chart_features_only
"ROCK女 feat. 大山愛未, Ken",SPA,12.2,—,23.8,44.8,1599.0,1907.0,chart_features_only
めうめうぺったんたん！！(ZAQUVA Remix),SPA,12.2,—,16.9,37.7,1654.0,1998.0,chart_features_only
Hat Surprise (Season 3),SPA,12.2,—,22.3,44.2,1611.0,1914.0,chart_features_only
Night sky,SPA,12.2,—,24.8,46.6,1580.0,1899.0,chart_features_only
Rock It,SPA,12.2,—,21.6,46.6,1617.0,1880.0,chart_features_only
LADYBIRD,SPA,12.2,—,23.4,49.3,1583.0,1875.0,chart_features_only
KHAMEN BREAK,SPA,12.2,—,13.6,40.0,1680.0,1966.0,chart_features_only
ROZA DE ANDALUCIA,SPA,12.2,—,21.2,45.7,1591.0,1929.0,chart_features_only
Bounce Bounce Bounce,SPA,12.2,—,17.2,41.3,1606.0,2008.0,chart_features_only
Spica,SPA,12.2,—,24.8,48.4,1563.0,1892.0,chart_features_only
",",SPA,12.2,—,21.5,43.5,1606.0,1930.0,chart_features_only
パーフェクトイーター,SPA,12.2,—,20.5,44.1,1621.0,1912.0,chart_features_only
Amor De Verão,SPA,12.2,—,26.7,46.9,1567.0,1878.0,chart_features_only
"PON\,",SPA,12.1,—,17.4,43.5,1641.0,1919.0,chart_features_only
R5,SPA,12.1,—,8.9,35.6,1676.0,2067.0,chart_features_only
ファイナルレター,SPA,12.1,—,16.9,39.0,1655.0,1961.0,chart_features_only
Heavenly Sun(IIDX VERSION),SPL,12.1,—,18.6,43.1,1642.0,1905.0,chart_features_only
狂水一華,SPA,12.1,—,20.0,41.7,1612.0,1947.0,chart_features_only
Believe In Me,SPA,12.1,—,19.4,42.5,1646.0,1894.0,chart_features_only
POLꓘAMAИIA,SPA,12.1,—,23.5,48.7,1556.0,1893.0,chart_features_only
か・し・ま・し☆PUMP UP！,SPA,12.1,—,18.7,40.9,1631.0,1938.0,chart_features_only
BroGamer,SPA,12.1,—,12.1,32.5,1667.0,2069.0,chart_features_only
Kailua,SPA,12.1,—,21.5,42.3,1616.0,1907.0,chart_features_only
EXODUS SIGN,SPA,12.1,—,23.4,48.1,1556.0,1896.0,chart_features_only
Secret of Love,SPA,12.1,—,19.8,38.6,1645.0,1929.0,chart_features_only
ZEPHYRANTHES,SPA,12.1,—,21.0,41.3,1613.0,1923.0,chart_features_only
Be quiet,SPA,12.1,—,24.3,44.5,1562.0,1916.0,chart_features_only
GIGANT,SPL,12.1,—,19.8,43.5,1613.0,1907.0,chart_features_only
smooooch・∀・,SPL,12.1,—,18.7,41.0,1653.0,1894.0,chart_features_only
忍恋花,SPA,12.1,—,18.8,43.9,1600.0,1927.0,chart_features_only
GENOCIDE,SPA,12.1,—,22.9,42.6,1601.0,1893.0,chart_features_only
Hello Happiness,SPA,12.1,—,19.8,43.5,1585.0,1941.0,chart_features_only
AIR RAID FROM THA UNDAGROUND,SPA,12.1,—,18.9,39.5,1647.0,1912.0,chart_features_only
Vitamin,SPA,12.1,—,17.8,41.1,1639.0,1911.0,chart_features_only
Substance,SPA,12.1,—,22.9,48.7,1569.0,1857.0,chart_features_only
Change Yourself,SPA,12.1,—,18.3,43.7,1631.0,1883.0,chart_features_only
Swarm Of Scarabs,SPA,12.1,—,21.1,48.9,1544.0,1908.0,chart_features_only
NEW SENSATION-もう、あなたしか見えない-,SPA,12.1,—,17.8,40.3,1644.0,1913.0,chart_features_only
POODLE,SPL,12.1,—,20.0,39.2,1624.0,1926.0,chart_features_only
Chronos,SPA,12.1,—,22.2,46.2,1575.0,1882.0,chart_features_only
STOIC HYPOTHESIS,SPA,12.1,—,21.7,43.7,1577.0,1914.0,chart_features_only
Be OK,SPL,12.1,—,21.3,41.1,1603.0,1912.0,chart_features_only
Elisha,SPA,12.1,—,18.2,39.9,1619.0,1941.0,chart_features_only
青の洞窟,SPA,12.1,—,16.1,46.0,1611.0,1901.0,chart_features_only
HYENA,SPA,12.1,—,21.4,47.8,1558.0,1890.0,chart_features_only
まほろば,SPL,12.1,—,20.3,41.3,1613.0,1899.0,chart_features_only
S!ck (Nhato Remix),SPA,12.1,—,16.4,38.4,1645.0,1932.0,chart_features_only
Temple of Anubis,SPA,12.1,—,18.2,42.3,1600.0,1925.0,chart_features_only
Castle on the Moon,SPA,12.1,—,22.8,46.6,1563.0,1869.0,chart_features_only
Monkey Business,SPA,12.1,—,20.8,46.1,1580.0,1875.0,chart_features_only
セロトニン,SPA,12.1,—,22.4,43.2,1581.0,1887.0,chart_features_only
Love Is Eternity,SPA,12.1,—,16.6,41.3,1658.0,1868.0,chart_features_only
TRANOID,SPA,12.1,—,21.8,47.8,1572.0,1847.0,chart_features_only
GIGA THRASH,SPA,12.1,—,21.4,43.8,1571.0,1900.0,chart_features_only
Hallucination,SPA,12.1,—,15.8,40.0,1639.0,1914.0,chart_features_only
Queen Kaguya,SPA,12.1,—,16.1,44.8,1595.0,1912.0,chart_features_only
Journey,SPL,12.1,—,18.4,42.4,1595.0,1916.0,chart_features_only
No Limit 2 dAnce feat. 大山愛未,SPA,12.1,—,20.6,42.6,1594.0,1887.0,chart_features_only
天空脳番長危機十六連打,SPA,12.1,—,19.2,40.9,1609.0,1899.0,chart_features_only
RESONATE 1794,SPA,12.1,—,17.1,40.7,1623.0,1905.0,chart_features_only
neogenesis,SPL,12.1,—,15.1,37.0,1641.0,1948.0,chart_features_only
NEMESIS,SPA,12.1,—,19.5,41.2,1605.0,1891.0,chart_features_only
Deceive Your Insight,SPA,12.1,—,20.7,43.5,1604.0,1850.0,chart_features_only
死神自爆中二妹アイドルももかりん(1歳),SPA,12.1,—,16.7,40.7,1610.0,1921.0,chart_features_only
Seraph,SPA,12.1,—,7.7,34.5,1653.0,2040.0,chart_features_only
EDEN,SPL,12.1,—,9.6,30.3,1670.0,2046.0,chart_features_only
Insane Techniques,SPA,12.1,—,20.2,45.6,1549.0,1903.0,chart_features_only
Ah Hah Yeah,SPA,12.1,—,22.2,43.0,1556.0,1901.0,chart_features_only
Six String Proof,SPA,12.1,—,19.6,46.5,1574.0,1859.0,chart_features_only
Lighting Shower,SPA,12.1,—,21.1,43.0,1568.0,1893.0,chart_features_only
GOLD RUSH 2025,SPA,12.1,—,17.2,41.9,1611.0,1892.0,chart_features_only
量子の海のリントヴルム,SPA,12.1,—,20.6,51.3,1536.0,1839.0,chart_features_only
Giudecca,SPA,12.1,—,18.0,39.7,1658.0,1842.0,chart_features_only
& Intelligence,SPA,12.1,—,21.7,46.6,1540.0,1879.0,chart_features_only
THE SHINING POLARIS(kors k mix),SPA,12.1,—,15.0,40.5,1586.0,1967.0,chart_features_only
Catch ya Getcha!,SPA,12.1,—,23.4,45.8,1545.0,1861.0,chart_features_only
Lost Souls,SPA,12.1,—,17.8,42.3,1600.0,1888.0,chart_features_only
炸裂！イェーガー電光チョップ!!(JAEGER FINAL ATTACK),SPA,12.1,—,20.8,41.8,1558.0,1916.0,chart_features_only
GOBBLE,SPA,12.1,—,18.2,39.2,1606.0,1907.0,chart_features_only
murmur twins,SPA,12.1,—,18.3,40.6,1601.0,1894.0,chart_features_only
眠りの国のステラ,SPA,12.1,—,16.1,41.7,1603.0,1902.0,chart_features_only
tripping contact(teranoid&MC Natsack Remix),SPA,12.1,—,17.6,41.1,1621.0,1867.0,chart_features_only
BRAINSTORM,SPA,12.1,—,18.1,42.4,1572.0,1913.0,chart_features_only
ChaserXX,SPA,12.1,—,20.0,50.6,1547.0,1824.0,chart_features_only
out of disk space,SPA,12.1,—,12.3,42.5,1611.0,1924.0,chart_features_only
全力 SPECIAL VACATION!!～限りある休日～,SPA,12.1,—,17.3,42.3,1598.0,1881.0,chart_features_only
創世ノート,SPA,12.1,—,20.2,41.4,1574.0,1889.0,chart_features_only
Squeeze,SPA,12.1,—,21.1,45.3,1565.0,1840.0,chart_features_only
ベィスドロップ・フリークス,SPL,12.1,—,17.9,41.6,1610.0,1861.0,chart_features_only
Destiny Sword,SPA,12.1,—,20.0,43.6,1566.0,1872.0,chart_features_only
voice of echo.,SPA,12.1,—,18.4,40.6,1599.0,1882.0,chart_features_only
ADAMANT,SPA,12.1,—,17.8,41.1,1588.0,1897.0,chart_features_only
refractive index,SPA,12.0,—,19.1,39.0,1597.0,1890.0,chart_features_only
INVISIBLE STRIX,SPA,12.0,—,15.5,40.4,1607.0,1896.0,chart_features_only
#The_Relentless,SPA,12.0,—,17.5,42.7,1594.0,1862.0,chart_features_only
RISLIM-Remix-,SPA,12.0,—,18.0,42.3,1563.0,1904.0,chart_features_only
雫,SPA,12.0,—,6.6,38.7,1649.0,1957.0,chart_features_only
Aublia,SPA,12.0,—,16.9,42.7,1577.0,1888.0,chart_features_only
バ→ビ→ブ→Bomb!,SPA,12.0,—,16.7,40.3,1596.0,1892.0,chart_features_only
OTOKOZAKA,SPA,12.0,—,16.8,39.8,1564.0,1941.0,chart_features_only
Honey Trap,SPA,12.0,—,17.6,42.2,1550.0,1920.0,chart_features_only
BROKEN EDEN,SPA,12.0,—,21.2,39.8,1576.0,1869.0,chart_features_only
PopなEDEN,SPA,12.0,—,18.7,47.9,1567.0,1810.0,chart_features_only
With You,SPA,12.0,—,12.6,40.5,1579.0,1952.0,chart_features_only
DISAPPEAR feat. koyomin,SPA,12.0,—,22.2,46.4,1531.0,1834.0,chart_features_only
Lost wing at.0,SPA,12.0,—,13.6,39.2,1629.0,1884.0,chart_features_only
EXTREME MACH COLLIDER,SPA,12.0,—,19.3,42.3,1571.0,1862.0,chart_features_only
Energy Drive,SPA,12.0,—,18.9,43.2,1580.0,1839.0,chart_features_only
パラドキシカル・タイムリープトライアル(Short Ver.),SPA,12.0,—,15.0,39.7,1600.0,1895.0,chart_features_only
Usual Days-remix,SPA,12.0,—,22.2,43.5,1558.0,1823.0,chart_features_only
Votum stellarum-Hommarju Remix-,SPA,12.0,—,18.3,42.7,1564.0,1870.0,chart_features_only
Explorer feat. ぷにぷに電機,SPL,12.0,—,19.3,42.7,1563.0,1859.0,chart_features_only
Breakin' Rules,SPA,12.0,—,16.9,42.7,1581.0,1860.0,chart_features_only
Empire State Glory,SPA,12.0,—,16.7,38.3,1608.0,1878.0,chart_features_only
Hydrogen Blueback,SPL,12.0,—,19.5,42.5,1560.0,1859.0,chart_features_only
ROTTERDAM SHOGUN,SPA,12.0,—,11.0,37.7,1609.0,1946.0,chart_features_only
Just Gimme,SPA,12.0,—,18.8,44.4,1544.0,1861.0,chart_features_only
Abyss-The Heavens Remix-,SPL,12.0,—,20.0,41.7,1581.0,1830.0,chart_features_only
Override,SPA,12.0,—,19.7,44.1,1543.0,1854.0,chart_features_only
ABSOLUTE (kors k Remix),SPA,12.0,—,14.9,40.5,1602.0,1871.0,chart_features_only
Rosa azuL,SPA,12.0,—,21.3,44.5,1537.0,1839.0,chart_features_only
Rave Saves You feat. Cardz(Exclusive IIDX Mix),SPA,12.0,—,20.9,45.2,1528.0,1848.0,chart_features_only
Bang Bang Dance,SPA,12.0,—,19.1,42.1,1566.0,1851.0,chart_features_only
No.13,SPA,12.0,—,20.3,41.5,1540.0,1881.0,chart_features_only
Psycho Sheep Riddim,SPL,12.0,—,16.1,38.1,1563.0,1935.0,chart_features_only
rainbow flyer,SPA,12.0,—,18.6,39.3,1567.0,1883.0,chart_features_only
CODE -CRiMSON-,SPA,12.0,—,21.4,45.1,1528.0,1827.0,chart_features_only
stoic,SPA,12.0,—,19.2,36.0,1586.0,1883.0,chart_features_only
apo:llioth,SPA,12.0,—,9.5,38.5,1591.0,1956.0,chart_features_only
HYPERION,SPA,12.0,—,15.5,39.4,1609.0,1846.0,chart_features_only
S!ck,SPA,12.0,—,16.6,42.4,1563.0,1860.0,chart_features_only
Afterimage d'automne,SPA,12.0,—,13.3,41.1,1586.0,1881.0,chart_features_only
Submerge Serenade,SPA,12.0,—,17.6,44.3,1541.0,1855.0,chart_features_only
Necroxis Girl,SPA,12.0,—,20.5,43.5,1534.0,1840.0,chart_features_only
FIRE BALL,SPA,12.0,—,16.1,39.8,1578.0,1876.0,chart_features_only
Xepher,SPA,12.0,—,20.1,45.6,1537.0,1812.0,chart_features_only
Programmed Genom,SPA,12.0,—,20.5,41.0,1549.0,1848.0,chart_features_only
3V0,SPA,12.0,—,19.3,42.3,1530.0,1871.0,chart_features_only
Amethyst,SPA,12.0,—,15.7,39.7,1566.0,1894.0,chart_features_only
Urban Constellations,SPA,12.0,—,14.6,39.0,1612.0,1848.0,chart_features_only
INHERITANCE,SPA,12.0,—,18.3,41.1,1547.0,1870.0,chart_features_only
麗 ～うらら～,SPA,12.0,—,17.7,39.9,1573.0,1856.0,chart_features_only
Harmony and Lovely,SPA,12.0,—,20.5,41.7,1553.0,1828.0,chart_features_only
Yum Yum Jelly,SPA,12.0,—,17.4,41.8,1560.0,1852.0,chart_features_only
AFRO KNUCKLE,SPA,12.0,—,17.9,38.0,1564.0,1886.0,chart_features_only
ガヴリールドロップキック,SPA,12.0,—,9.9,41.2,1607.0,1876.0,chart_features_only
BLOCKS,SPA,12.0,—,18.4,45.2,1542.0,1819.0,chart_features_only
LUV TO ME(UCCHIE'S EDITION),SPA,12.0,—,17.2,37.9,1564.0,1892.0,chart_features_only
ZETA～素数の世界と超越者～,SPA,12.0,—,16.1,42.0,1580.0,1833.0,chart_features_only
DAWN-THE NEXT ENDEAVOUR-,SPA,12.0,—,8.6,32.6,1620.0,1976.0,chart_features_only
AMRITA -不滅ノ花-,SPA,12.0,—,15.9,38.9,1580.0,1869.0,chart_features_only
Battleground,SPA,12.0,—,15.3,41.2,1571.0,1859.0,chart_features_only
Rock Da House,SPA,12.0,—,13.0,40.0,1593.0,1869.0,chart_features_only
SOLID WYVERN,SPA,12.0,—,17.4,41.0,1573.0,1830.0,chart_features_only
kors k's How to make OTOGE CORE,SPA,12.0,—,11.0,37.2,1608.0,1903.0,chart_features_only
naughty girl@Queen's Palace†,SPL,12.0,—,10.5,40.5,1570.0,1920.0,chart_features_only
diagram,SPA,12.0,—,13.3,41.6,1560.0,1882.0,chart_features_only
乱膳の舞姫,SPA,12.0,—,18.2,40.4,1561.0,1836.0,chart_features_only
(This Is Not) The Angels,SPA,12.0,—,16.0,40.7,1552.0,1870.0,chart_features_only
Inner Spirit,SPA,12.0,—,19.1,45.9,1516.0,1818.0,chart_features_only
Cyber True Color,SPA,12.0,—,16.7,39.0,1559.0,1871.0,chart_features_only
Cleopatrysm,SPA,12.0,—,17.1,41.3,1569.0,1824.0,chart_features_only
You'll say \,SPA,12.0,—,16.7,42.4,1561.0,1826.0,chart_features_only
《GRANDMASTER》,SPA,12.0,—,16.8,43.9,1550.0,1819.0,chart_features_only
Burning Flame,SPA,12.0,—,18.9,43.4,1512.0,1852.0,chart_features_only
Discloze,SPA,12.0,—,12.0,38.6,1604.0,1863.0,chart_features_only
Lawes's Parotia,SPA,12.0,—,13.8,39.1,1588.0,1855.0,chart_features_only
Banger Banger Banger Banger,SPA,12.0,—,18.3,44.5,1524.0,1825.0,chart_features_only
smile,SPA,12.0,—,13.4,38.9,1595.0,1848.0,chart_features_only
All is Wrecked,SPA,12.0,—,15.5,40.0,1581.0,1828.0,chart_features_only
夕焼け～Fading Day～,SPA,12.0,—,16.0,38.1,1583.0,1843.0,chart_features_only
Aegis,SPA,12.0,—,16.6,42.0,1543.0,1842.0,chart_features_only
オールトの雲,SPA,12.0,—,11.3,38.6,1583.0,1888.0,chart_features_only
鬼天,SPA,12.0,—,13.1,37.6,1574.0,1893.0,chart_features_only
曼荼羅恋々,SPA,12.0,—,14.5,37.6,1591.0,1851.0,chart_features_only
BREAK OVER,SPA,12.0,—,15.6,42.5,1548.0,1835.0,chart_features_only
Aurora,SPA,12.0,—,17.0,39.6,1570.0,1823.0,chart_features_only
ZEИITH,SPA,12.0,—,15.8,43.4,1545.0,1824.0,chart_features_only
kors k's Let's make an Image Song!,SPA,11.9,—,13.5,38.3,1572.0,1874.0,chart_features_only
SUPER HEROINE!!,SPA,11.9,—,14.6,38.3,1588.0,1837.0,chart_features_only
SHELTER OF THE MIND,SPA,11.9,—,12.8,38.9,1584.0,1855.0,chart_features_only
New Decade IIDX Edition,SPA,11.9,—,14.1,41.7,1542.0,1863.0,chart_features_only
CONCEPTUAL,SPA,11.9,—,14.8,40.0,1563.0,1846.0,chart_features_only
THE TIME MACHINE,SPA,11.9,—,15.6,38.5,1569.0,1847.0,chart_features_only
覚悟せよ！エンタンメ～ン～より身の切り売り自暴自棄版～,SPA,11.9,—,11.9,39.8,1578.0,1861.0,chart_features_only
xenon,SPA,11.9,—,11.2,32.7,1588.0,1942.0,chart_features_only
ILAYZA,SPA,11.9,—,14.9,36.9,1569.0,1872.0,chart_features_only
ぐだふわエブリデー,SPA,11.9,—,10.0,36.1,1588.0,1911.0,chart_features_only
Let The Track Flow,SPA,11.9,—,12.7,36.1,1577.0,1894.0,chart_features_only
"Breaking Dawn feat. NO+CHIN, AYANO",SPA,11.9,—,13.0,38.7,1564.0,1875.0,chart_features_only
合体せよ!ストロングイェーガー!!(Ryu☆ remix),SPA,11.9,—,15.0,39.4,1553.0,1857.0,chart_features_only
純真可憐デザイア,SPL,11.9,—,13.7,38.5,1584.0,1841.0,chart_features_only
Chemical Colours,SPA,11.9,—,9.4,39.2,1570.0,1900.0,chart_features_only
Shoot'Em All,SPA,11.9,—,12.5,38.6,1586.0,1848.0,chart_features_only
WISE UP!,SPL,11.9,—,18.1,43.1,1541.0,1788.0,chart_features_only
COSMIC CYBER,SPA,11.9,—,16.6,41.5,1554.0,1807.0,chart_features_only
MOCHIMOCHI DREAMIN!!,SPA,11.9,—,11.3,41.2,1549.0,1878.0,chart_features_only
THE DETONATOR,SPA,11.9,—,9.7,33.5,1611.0,1904.0,chart_features_only
Ganymede,SPA,11.9,—,12.6,39.5,1564.0,1860.0,chart_features_only
INORI,SPA,11.9,—,10.3,42.5,1581.0,1825.0,chart_features_only
C-C-C-N-N-N,SPA,11.9,—,13.6,43.2,1515.0,1869.0,chart_features_only
STARLiGHT,SPA,11.9,—,11.2,37.0,1555.0,1913.0,chart_features_only
Nemophila,SPA,11.9,—,14.9,40.7,1548.0,1831.0,chart_features_only
Yellow Sketch(RX-Ver.S.P.L.),SPA,11.9,—,15.5,41.9,1536.0,1821.0,chart_features_only
Wolf 1061,SPA,11.9,—,15.4,40.8,1548.0,1819.0,chart_features_only
Into The Madness,SPA,11.9,—,14.7,42.4,1544.0,1811.0,chart_features_only
爆ぜりゃんせ,SPA,11.9,—,15.4,38.0,1549.0,1851.0,chart_features_only
Stylus,SPA,11.9,—,13.2,40.6,1550.0,1841.0,chart_features_only
Funny shuffle,SPA,11.9,—,12.1,43.9,1522.0,1850.0,chart_features_only
禍根,SPA,11.9,—,15.4,40.0,1561.0,1805.0,chart_features_only
打打打打打打打打打打,SPA,11.9,—,13.4,37.7,1550.0,1873.0,chart_features_only
ZED,SPA,11.9,—,13.7,39.9,1549.0,1840.0,chart_features_only
the shadow,SPA,11.9,—,11.8,38.4,1572.0,1849.0,chart_features_only
STELLAR WIND,SPA,11.9,—,15.0,37.5,1547.0,1854.0,chart_features_only
MIRACLE MEETS,SPA,11.9,—,13.2,36.2,1567.0,1863.0,chart_features_only
Fractal,SPA,11.9,—,13.8,41.4,1549.0,1815.0,chart_features_only
T.R.O.L.L.,SPA,11.9,—,10.1,43.3,1531.0,1860.0,chart_features_only
華麗なる!音戯探偵ひなビタ♫,SPA,11.9,—,12.9,40.4,1535.0,1858.0,chart_features_only
涙のテ・エストラーニョ・ムーチョ,SPA,11.9,—,12.6,38.5,1554.0,1857.0,chart_features_only
Like+it!,SPA,11.9,—,19.0,43.8,1498.0,1794.0,chart_features_only
勇者,SPA,11.9,—,8.5,35.5,1580.0,1903.0,chart_features_only
Onyx,SPA,11.9,—,6.0,34.2,1618.0,1892.0,chart_features_only
Take My Life,SPA,11.9,—,15.0,39.2,1551.0,1817.0,chart_features_only
Scarlet Moon,SPA,11.9,—,13.3,39.0,1560.0,1825.0,chart_features_only
ミッドナイト☆WAR,SPA,11.9,—,15.2,37.1,1561.0,1820.0,chart_features_only
Meteor☆Shower,SPA,11.9,—,10.1,38.6,1571.0,1843.0,chart_features_only
Smug Face-どうだ、オレの生き様は-(ONLY ONE EDITION),SPA,11.9,—,11.2,36.1,1567.0,1868.0,chart_features_only
GIGA VIOLATE,SPA,11.9,—,12.5,36.6,1561.0,1853.0,chart_features_only
Red Soul,SPA,11.9,—,14.3,41.5,1503.0,1851.0,chart_features_only
ZERO-ONE,SPL,11.9,—,14.2,36.6,1560.0,1831.0,chart_features_only
Programmed Sun,SPA,11.9,—,14.4,39.7,1551.0,1802.0,chart_features_only
Quick Silver,SPA,11.9,—,8.1,35.5,1598.0,1859.0,chart_features_only
20XX,SPA,11.9,—,16.0,39.2,1549.0,1789.0,chart_features_only
華蝶風雪,SPA,11.9,—,10.6,31.7,1585.0,1894.0,chart_features_only
Tell me what you wish feat.らっぷびと,SPA,11.9,—,11.3,42.2,1537.0,1822.0,chart_features_only
ぷろぐれっしぶ時空少女!うらしまたろ子ちゃん!,SPA,11.9,—,12.6,36.9,1572.0,1823.0,chart_features_only
ミュージック・アワー,SPA,11.9,—,11.2,38.1,1556.0,1842.0,chart_features_only
Lovely Howdy Cowboy!!,SPA,11.9,—,9.5,36.6,1574.0,1855.0,chart_features_only
GET READY!!,SPA,11.9,—,10.9,36.2,1579.0,1837.0,chart_features_only
ハードベース・フェスタ,SPA,11.9,—,12.1,32.9,1574.0,1868.0,chart_features_only
令和(1991RAVE REMIX),SPA,11.9,—,8.1,36.1,1548.0,1912.0,chart_features_only
GHOST,SPA,11.9,—,14.2,43.1,1515.0,1800.0,chart_features_only
Devilz Sacrifice-贖罪の羊-,SPA,11.9,—,10.6,33.5,1597.0,1843.0,chart_features_only
Jungle Eater,SPA,11.9,—,11.6,39.4,1530.0,1852.0,chart_features_only
CODE:2,SPA,11.9,—,12.2,38.9,1542.0,1833.0,chart_features_only
INAZUMA,SPA,11.9,—,14.5,36.1,1548.0,1834.0,chart_features_only
Farewell to Marrakech,SPA,11.9,—,9.2,37.2,1576.0,1839.0,chart_features_only
PHASE SHIFT MANEUVER,SPA,11.9,—,11.7,38.4,1548.0,1834.0,chart_features_only
VEGA,SPA,11.9,—,10.1,38.6,1557.0,1837.0,chart_features_only
Beyond The Earth,SPA,11.9,—,13.1,38.3,1535.0,1831.0,chart_features_only
Debtty Daddy,SPA,11.9,—,13.9,35.7,1564.0,1813.0,chart_features_only
BLUST OF WIND,SPL,11.9,—,12.9,34.7,1579.0,1814.0,chart_features_only
FLOWER,SPA,11.9,—,11.8,39.0,1555.0,1807.0,chart_features_only
ToyCube Pf.(RX-Ver.S.P.L.),SPL,11.9,—,3.2,34.1,1609.0,1885.0,chart_features_only
405nm(Ryu☆mix),SPA,11.9,—,12.8,38.4,1554.0,1798.0,chart_features_only
Playing With Fire,SPA,11.9,—,14.4,42.0,1508.0,1799.0,chart_features_only
Mukade,SPA,11.9,—,15.0,38.5,1523.0,1812.0,chart_features_only
"藤森崇多\,",SPA,11.9,—,7.6,36.4,1572.0,1854.0,chart_features_only
Blame,SPA,11.9,—,13.8,36.8,1530.0,1836.0,chart_features_only
lowercase lifetime,SPA,11.9,—,10.1,32.0,1559.0,1896.0,chart_features_only
寝起きヤシの木,SPA,11.9,—,9.2,35.3,1537.0,1897.0,chart_features_only
everlastingeuphoria:,SPA,11.9,—,14.8,38.3,1531.0,1803.0,chart_features_only
Next Tales 2 Oath(IIDX 20th Anniv \ Theme),SPA,11.9,—,11.2,36.8,1555.0,1827.0,chart_features_only
Jack,SPL,11.9,—,9.7,37.8,1528.0,1870.0,chart_features_only
Session 1-Genesis-,SPA,11.9,—,8.9,38.4,1553.0,1835.0,chart_features_only
the trigger of innocence,SPL,11.9,—,-0.4,42.7,1564.0,1871.0,chart_features_only
Overslept,SPA,11.9,—,9.8,37.2,1568.0,1815.0,chart_features_only
MAGIC & LOVE,SPA,11.9,—,9.4,36.6,1550.0,1851.0,chart_features_only
V2,SPA,11.9,—,12.7,36.0,1554.0,1813.0,chart_features_only
HYPE THE CORE,SPA,11.9,—,7.2,35.7,1551.0,1882.0,chart_features_only
Ypsilon,SPA,11.8,—,13.2,39.8,1523.0,1801.0,chart_features_only
GOLD RUSH,SPA,11.8,—,5.9,27.0,1589.0,1952.0,chart_features_only
THE LAST STRIKER,SPA,11.8,—,13.2,39.9,1534.0,1783.0,chart_features_only
HAPPY★RUSH,SPA,11.8,—,13.3,38.7,1526.0,1807.0,chart_features_only
Nothing but Theory,SPA,11.8,—,8.9,35.0,1570.0,1835.0,chart_features_only
Rave lithosphere,SPA,11.8,—,9.5,38.8,1533.0,1832.0,chart_features_only
爆ゼニ☆がってんワーカー,SPA,11.8,—,7.5,35.2,1577.0,1836.0,chart_features_only
SPACE FIGHT,SPA,11.8,—,11.5,39.1,1542.0,1789.0,chart_features_only
D.C.fish,SPA,11.8,—,13.7,35.4,1543.0,1805.0,chart_features_only
squall,SPA,11.8,—,13.5,39.2,1529.0,1776.0,chart_features_only
nostos,SPA,11.8,—,10.4,36.1,1546.0,1826.0,chart_features_only
Mira,SPA,11.8,—,14.1,41.3,1505.0,1771.0,chart_features_only
See You Again,SPA,11.8,—,12.3,39.3,1509.0,1812.0,chart_features_only
Egret and Willow,SPA,11.8,—,8.9,33.7,1580.0,1820.0,chart_features_only
SUNLiGHT (IIDX Mix),SPA,11.8,—,7.5,34.1,1556.0,1865.0,chart_features_only
RISING FIRE HAWK,SPA,11.8,—,8.8,37.9,1532.0,1833.0,chart_features_only
Synergy For Angels,SPA,11.8,—,12.6,34.1,1551.0,1808.0,chart_features_only
Violet Rose,SPA,11.8,—,8.9,34.1,1556.0,1842.0,chart_features_only
Emera,SPA,11.8,—,8.3,39.2,1514.0,1844.0,chart_features_only
響花水月,SPA,11.8,—,13.6,40.6,1502.0,1780.0,chart_features_only
ユミル,SPA,11.8,—,8.4,35.5,1550.0,1835.0,chart_features_only
Logic Board,SPA,11.8,—,8.8,33.6,1554.0,1848.0,chart_features_only
少年リップルズ,SPA,11.8,—,4.0,29.9,1587.0,1902.0,chart_features_only
VALKYRIAS -英雄誕生-,SPA,11.8,—,4.4,33.1,1588.0,1855.0,chart_features_only
Saturn,SPA,11.8,—,8.9,31.2,1569.0,1848.0,chart_features_only
Para siempre,SPA,11.8,—,4.0,27.2,1588.0,1928.0,chart_features_only
デモーニッシュ,SPA,11.8,—,5.2,37.2,1541.0,1853.0,chart_features_only
Show Me All Your Love,SPA,11.8,—,11.4,39.0,1513.0,1796.0,chart_features_only
Eine Haube ～聖地の果てにあるもの～,SPA,11.8,—,9.1,35.8,1556.0,1801.0,chart_features_only
¡Viva!,SPL,11.8,—,6.4,34.6,1579.0,1815.0,chart_features_only
50th Memorial Songs -The BEMANI History-,SPA,11.8,—,10.4,38.9,1520.0,1798.0,chart_features_only
Swing My Wonderland,SPA,11.8,—,7.7,36.4,1545.0,1821.0,chart_features_only
Wonderland,SPA,11.8,—,2.2,32.9,1567.0,1895.0,chart_features_only
太陽SUNSUNボンジュールアバンチュール,SPA,11.8,—,10.2,36.7,1531.0,1802.0,chart_features_only
quasar,SPA,11.8,—,10.4,33.1,1557.0,1803.0,chart_features_only
Lucy,SPA,11.8,—,6.8,30.2,1583.0,1844.0,chart_features_only
たからもの,SPL,11.8,—,2.7,36.8,1583.0,1808.0,chart_features_only
GLORIOUS HAMMER,SPA,11.8,—,11.8,37.3,1513.0,1794.0,chart_features_only
rainbow rainbow,SPA,11.8,—,4.8,33.8,1544.0,1873.0,chart_features_only
Constellation,SPA,11.8,—,12.8,36.9,1519.0,1776.0,chart_features_only
Speculation,SPA,11.8,—,6.7,36.2,1539.0,1828.0,chart_features_only
GIGA RAID,SPA,11.8,—,7.0,33.4,1550.0,1843.0,chart_features_only
UNITE THE HEART,SPA,11.8,—,7.7,36.2,1542.0,1811.0,chart_features_only
prompt,SPA,11.8,—,6.7,34.6,1551.0,1829.0,chart_features_only
rumrum triplets,SPA,11.8,—,10.3,38.9,1507.0,1796.0,chart_features_only
牧神笛吹きて,SPA,11.8,—,7.5,33.2,1561.0,1824.0,chart_features_only
Move UR Body,SPA,11.8,—,4.1,33.9,1571.0,1837.0,chart_features_only
OOO,SPL,11.8,—,6.6,34.2,1568.0,1806.0,chart_features_only
MVP,SPA,11.8,—,4.6,35.8,1530.0,1863.0,chart_features_only
Sun Field,SPA,11.8,—,8.2,34.8,1532.0,1828.0,chart_features_only
Scharfrichter,SPA,11.8,—,5.4,32.8,1549.0,1860.0,chart_features_only
Line 4 Ruin,SPA,11.8,—,8.5,37.1,1510.0,1824.0,chart_features_only
Beyond The Seven,SPA,11.8,—,5.8,32.7,1568.0,1828.0,chart_features_only
Rejection Girl,SPA,11.8,—,5.8,33.4,1562.0,1828.0,chart_features_only
PAPAYAPA BASS,SPA,11.8,—,8.0,34.3,1541.0,1819.0,chart_features_only
LA FESTA LA VITA!!,SPA,11.8,—,4.3,28.9,1546.0,1923.0,chart_features_only
Xyndrome,SPA,11.8,—,6.2,33.3,1525.0,1873.0,chart_features_only
冬椿 ft. Kanae Asaba,SPL,11.8,—,10.0,37.4,1507.0,1803.0,chart_features_only
Ruler or Loser,SPA,11.8,—,1.6,32.6,1578.0,1858.0,chart_features_only
XINOBIKILL,SPA,11.8,—,8.3,34.2,1540.0,1814.0,chart_features_only
Vulkan,SPA,11.8,—,3.9,35.0,1538.0,1855.0,chart_features_only
DEEP ROAR,SPA,11.8,—,5.6,30.9,1559.0,1859.0,chart_features_only
Perfect Plan,SPA,11.8,—,3.2,33.6,1570.0,1836.0,chart_features_only
VALLIS-NERIA,SPA,11.8,—,6.2,27.2,1569.0,1883.0,chart_features_only
LAST DAY,SPA,11.8,—,13.9,37.3,1496.0,1766.0,chart_features_only
532nm,SPA,11.8,—,8.6,35.3,1547.0,1776.0,chart_features_only
ミッドナイト堕天使,SPA,11.8,—,7.8,32.4,1538.0,1831.0,chart_features_only
IN BETWEEN,SPA,11.8,—,5.7,34.6,1539.0,1826.0,chart_features_only
Realize Maze,SPA,11.8,—,6.2,33.5,1544.0,1824.0,chart_features_only
COLOSSEUM,SPA,11.8,—,7.1,34.7,1525.0,1821.0,chart_features_only
Ritual of Anubis,SPA,11.8,—,6.3,37.3,1506.0,1824.0,chart_features_only
Victory Of Ravers,SPA,11.8,—,1.9,28.6,1571.0,1886.0,chart_features_only
PILGRIM,SPA,11.8,—,9.0,31.9,1539.0,1808.0,chart_features_only
R∞tAge,SPA,11.8,—,6.0,34.5,1532.0,1820.0,chart_features_only
Volcanic Dragon,SPA,11.8,—,4.6,32.2,1563.0,1820.0,chart_features_only
Outbreak,SPA,11.8,—,7.3,35.9,1496.0,1837.0,chart_features_only
Macuilxochitl,SPA,11.8,—,9.0,32.5,1554.0,1777.0,chart_features_only
Danza Aestas,SPA,11.8,—,12.1,38.3,1482.0,1770.0,chart_features_only
Psychedelic Intelligence,SPA,11.8,—,3.8,37.0,1513.0,1837.0,chart_features_only
DROP,SPA,11.8,—,10.8,36.3,1515.0,1762.0,chart_features_only
デッドボヲルdeホームラン,SPA,11.8,—,5.4,34.6,1535.0,1814.0,chart_features_only
Night! Night! Night!,SPA,11.7,—,10.6,38.0,1487.0,1774.0,chart_features_only
crew,SPA,11.7,—,6.9,33.4,1551.0,1776.0,chart_features_only
THE CANNONBALLER,SPA,11.7,—,7.8,34.0,1516.0,1807.0,chart_features_only
Neo Heritage,SPA,11.7,—,9.8,38.0,1477.0,1788.0,chart_features_only
Ohayo!,SPA,11.7,—,8.4,35.6,1491.0,1813.0,chart_features_only
Divine Heaven,SPA,11.7,—,6.0,33.7,1517.0,1827.0,chart_features_only
No Tears,SPA,11.7,—,2.2,28.5,1577.0,1849.0,chart_features_only
CONNECT-,SPA,11.7,—,11.5,35.7,1497.0,1765.0,chart_features_only
Fashion Fruit,SPA,11.7,—,5.0,33.9,1530.0,1815.0,chart_features_only
Second Heaven,SPA,11.7,—,4.3,29.2,1553.0,1846.0,chart_features_only
NEMESIS-gratitude remix- IIDX Edition,SPA,11.7,—,5.0,32.9,1536.0,1815.0,chart_features_only
儚き恋の華,SPA,11.7,—,2.1,35.6,1544.0,1799.0,chart_features_only
Echoes of Sunfall,SPA,11.7,—,7.2,36.1,1500.0,1796.0,chart_features_only
Get On Your Feet,SPA,11.7,—,7.2,34.3,1521.0,1789.0,chart_features_only
Butterfly Twist,SPA,11.7,—,5.3,34.9,1525.0,1796.0,chart_features_only
Countdown to Heaven or Hell,SPA,11.7,—,8.1,34.9,1502.0,1793.0,chart_features_only
Time To Empress,SPL,11.7,—,2.6,31.4,1561.0,1818.0,chart_features_only
satellite020712 from \,SPA,11.7,—,7.1,36.3,1490.0,1801.0,chart_features_only
Buffalo,SPL,11.7,—,8.2,41.1,1462.0,1769.0,chart_features_only
State Of The Art,SPA,11.7,—,9.3,35.5,1498.0,1773.0,chart_features_only
CHAOTIC SUNBIRD,SPA,11.7,—,4.7,33.2,1529.0,1811.0,chart_features_only
Daily Lunch Special,SPA,11.7,—,3.5,24.8,1582.0,1854.0,chart_features_only
DESIRE,SPA,11.7,—,4.5,34.5,1539.0,1779.0,chart_features_only
PENDUAL TALISMAN,SPA,11.7,—,2.3,32.2,1546.0,1823.0,chart_features_only
Raspberry Potion(feat.あれたん♡ & ぎゃるのしん☆),SPA,11.7,—,-0.9,31.5,1577.0,1822.0,chart_features_only
DREAM OF SPACE UFO ABDUCTION,SPA,11.7,—,11.2,37.2,1489.0,1733.0,chart_features_only
10000 MILES AWAY,SPA,11.7,—,3.7,31.4,1520.0,1844.0,chart_features_only
旅人リラン,SPA,11.7,—,6.7,32.9,1511.0,1803.0,chart_features_only
winkle 2 winkle,SPA,11.7,—,7.2,35.3,1499.0,1779.0,chart_features_only
Stella Sinistra,SPA,11.7,—,5.3,37.7,1515.0,1747.0,chart_features_only
夢縁,SPA,11.7,—,4.6,34.7,1517.0,1789.0,chart_features_only
KING,SPA,11.7,—,4.0,32.1,1540.0,1794.0,chart_features_only
Never Fade Away,SPA,11.7,—,7.9,34.5,1491.0,1785.0,chart_features_only
Nocturnal 2097,SPA,11.7,—,5.2,37.4,1496.0,1769.0,chart_features_only
I'm so Happy,SPA,11.7,—,7.4,35.5,1494.0,1770.0,chart_features_only
Amnolys,SPA,11.7,—,1.8,31.0,1545.0,1819.0,chart_features_only
U.S.A.,SPA,11.7,—,0.5,33.8,1540.0,1805.0,chart_features_only
Linus,SPA,11.7,—,1.1,30.1,1553.0,1823.0,chart_features_only
Exhaust Hype,SPA,11.7,—,2.5,31.6,1527.0,1822.0,chart_features_only
Valgus,SPA,11.7,—,0.9,29.3,1551.0,1830.0,chart_features_only
X-ray binary,SPA,11.7,—,7.6,33.4,1498.0,1777.0,chart_features_only
THE BLACK KNIGHT,SPA,11.7,—,8.2,33.6,1505.0,1757.0,chart_features_only
無意識のフィロソフィア,SPA,11.7,—,2.6,32.4,1534.0,1793.0,chart_features_only
ドッキン☆サマーあばんちゅーる,SPA,11.7,—,6.2,32.6,1485.0,1814.0,chart_features_only
ランカーキラーガール,SPA,11.7,—,3.0,31.3,1521.0,1817.0,chart_features_only
Hat Surprise,SPA,11.7,—,3.1,31.4,1521.0,1809.0,chart_features_only
in the Sky,SPA,11.7,—,-1.5,24.3,1560.0,1897.0,chart_features_only
UNDERWORLD HOLOGRAPHY,SPA,11.7,—,3.0,33.9,1523.0,1774.0,chart_features_only
Unicorn tail,SPA,11.7,—,3.1,32.3,1529.0,1784.0,chart_features_only
Ｘ↑Ｘ↓,SPA,11.7,—,2.0,30.9,1520.0,1824.0,chart_features_only
Light and Cyber…,SPA,11.7,—,8.2,32.1,1490.0,1773.0,chart_features_only
Battle Train-IIDX Edition-,SPA,11.7,—,5.3,31.5,1511.0,1783.0,chart_features_only
FREEDOM,SPA,11.7,—,6.4,33.7,1470.0,1799.0,chart_features_only
Moving on,SPA,11.7,—,5.9,34.3,1497.0,1759.0,chart_features_only
AGEHA,SPL,11.7,—,2.2,32.1,1520.0,1797.0,chart_features_only
メズマライザー,SPA,11.7,—,-2.4,32.1,1562.0,1789.0,chart_features_only
輪廻の鴉,SPA,11.7,—,2.7,32.3,1514.0,1795.0,chart_features_only
朧,SPL,11.7,—,1.3,29.6,1537.0,1812.0,chart_features_only
Blaze it UP!,SPA,11.7,—,-2.4,29.9,1564.0,1811.0,chart_features_only
rainbow guitar weeps,SPA,11.7,—,5.5,30.9,1508.0,1785.0,chart_features_only
追想快晴テーマパーク,SPA,11.7,—,5.3,31.9,1513.0,1765.0,chart_features_only
Around The Galaxy,SPA,11.7,—,5.6,31.5,1522.0,1748.0,chart_features_only
Derelict Star feat. Ryu*,SPA,11.7,—,0.2,32.3,1512.0,1813.0,chart_features_only
",",SPL,11.7,—,1.9,31.5,1536.0,1764.0,chart_features_only
SOUND OF GIALLARHORN,SPA,11.6,—,0.1,30.9,1518.0,1816.0,chart_features_only
Plea Per Phase,SPA,11.6,—,1.1,31.1,1522.0,1795.0,chart_features_only
ANDROMEDA,SPA,11.6,—,3.1,34.0,1504.0,1759.0,chart_features_only
DAZZLE ATTACK,SPA,11.6,—,2.3,31.7,1501.0,1800.0,chart_features_only
命の標本,SPA,11.6,—,0.6,31.3,1522.0,1787.0,chart_features_only
Nasty Techniques,SPA,11.6,—,3.2,30.4,1523.0,1767.0,chart_features_only
月とミルク,SPA,11.6,—,0.2,32.3,1509.0,1798.0,chart_features_only
AsiaN distractive,SPA,11.6,—,2.6,26.5,1534.0,1807.0,chart_features_only
Bow shock!!,SPA,11.6,—,5.2,34.5,1481.0,1752.0,chart_features_only
Ventriloquist,SPA,11.6,—,-1.0,30.2,1541.0,1789.0,chart_features_only
Sparkle Smilin',SPA,11.6,—,-0.7,29.2,1540.0,1796.0,chart_features_only
MINT,SPA,11.6,—,1.4,31.2,1515.0,1780.0,chart_features_only
無双,SPA,11.6,—,1.0,30.2,1519.0,1792.0,chart_features_only
バッドエンド・シンドローム,SPA,11.6,—,4.1,34.6,1488.0,1743.0,chart_features_only
24th Century BOY,SPA,11.6,—,3.9,32.4,1492.0,1766.0,chart_features_only
yamabiko(SINOBUZ Edition),SPA,11.6,—,0.7,31.5,1511.0,1787.0,chart_features_only
グッバイ宣言,SPA,11.6,—,-0.1,28.9,1531.0,1799.0,chart_features_only
2 tribe 4 K,SPA,11.6,—,3.4,33.5,1492.0,1758.0,chart_features_only
Pollinosis,SPA,11.6,—,2.6,27.7,1522.0,1795.0,chart_features_only
XANADU OF TWO,SPL,11.6,—,-0.9,27.6,1556.0,1788.0,chart_features_only
マインド・ゲーム,SPA,11.6,—,0.8,31.7,1512.0,1776.0,chart_features_only
Be A Star,SPA,11.6,—,-4.1,24.7,1568.0,1840.0,chart_features_only
きみのせかい,SPA,11.6,—,-1.1,28.9,1527.0,1801.0,chart_features_only
えだまめカレークッキング,SPA,11.6,—,-1.4,26.8,1542.0,1808.0,chart_features_only
いつかオトナになれるといいね。,SPA,11.6,—,-1.5,29.8,1536.0,1775.0,chart_features_only
I FIGHT ME,SPL,11.6,—,-5.7,22.8,1580.0,1849.0,chart_features_only
RAVE SYNDROME,SPA,11.6,—,1.6,31.4,1487.0,1785.0,chart_features_only
My Sweet Bird?,SPL,11.6,—,1.2,30.0,1493.0,1798.0,chart_features_only
ウツシミウツシ,SPA,11.6,—,-0.7,30.8,1507.0,1788.0,chart_features_only
鴉,SPA,11.6,—,-1.7,26.1,1537.0,1816.0,chart_features_only
龍王の霊廟(Mausoleum Of The Primal Dragon),SPA,11.6,—,4.1,31.2,1501.0,1732.0,chart_features_only
タンポポ,SPA,11.6,—,-5.7,26.4,1549.0,1831.0,chart_features_only
Tropical April,SPA,11.6,—,-1.2,29.5,1491.0,1819.0,chart_features_only
Cookie Bouquets,SPA,11.6,—,0.6,27.3,1504.0,1807.0,chart_features_only
ELYSIUM,SPA,11.6,—,-3.0,26.5,1534.0,1816.0,chart_features_only
THE FALLEN,SPA,11.6,—,-1.3,30.6,1517.0,1764.0,chart_features_only
IDOL syndrome.,SPL,11.6,—,-1.4,29.3,1514.0,1782.0,chart_features_only
Garuda,SPA,11.6,—,1.3,31.3,1474.0,1783.0,chart_features_only
Rubrum Piano,SPA,11.6,—,3.4,34.0,1480.0,1717.0,chart_features_only
ゲシュタルト,SPL,11.6,—,-0.9,29.6,1520.0,1763.0,chart_features_only
Stargazing Trip ～星 探す旅～ ft. 小林マナ,SPA,11.6,—,-3.8,25.3,1544.0,1816.0,chart_features_only
SEQUENCE CAT,SPA,11.6,—,4.1,31.6,1482.0,1734.0,chart_features_only
"Blind Justice～Torn souls,Hurt Faiths～",SPA,11.6,—,-0.7,29.4,1526.0,1750.0,chart_features_only
XENON II ～TOMOYUKIの野望～,SPA,11.6,—,3.8,29.7,1495.0,1738.0,chart_features_only
Bahram Attack-猫叉Master Remix-,SPL,11.6,—,-2.7,26.9,1551.0,1768.0,chart_features_only
断罪の一花,SPA,11.6,—,-3.3,28.1,1532.0,1787.0,chart_features_only
Bang-Boo Bumble,SPA,11.6,—,-2.1,28.0,1519.0,1784.0,chart_features_only
ハオ,SPA,11.6,—,-2.5,26.2,1526.0,1801.0,chart_features_only
ちょえちょえまぎか,SPA,11.6,—,-3.3,30.6,1519.0,1760.0,chart_features_only
ここからよろしく大作戦143,SPL,11.6,—,-3.9,22.3,1556.0,1818.0,chart_features_only
Time Distortion pt.2(IIDX Edit),SPA,11.6,—,2.5,31.3,1476.0,1745.0,chart_features_only
Element of SPADA,SPL,11.6,—,-5.0,25.0,1561.0,1786.0,chart_features_only
CaptivAte～浄化～,SPA,11.6,—,-1.7,25.4,1515.0,1807.0,chart_features_only
錬成人間トリコロイダー,SPA,11.6,—,-6.5,24.2,1523.0,1866.0,chart_features_only
STRAIGHT TO THE STARS,SPA,11.6,—,3.2,29.8,1482.0,1739.0,chart_features_only
フォニイ,SPA,11.6,—,-2.2,28.3,1509.0,1776.0,chart_features_only
Programmed World,SPA,11.5,—,0.9,28.4,1502.0,1736.0,chart_features_only
惑星☆ロリポップ,SPA,11.5,—,-2.5,31.8,1479.0,1763.0,chart_features_only
I will be back-オレは帰ってきた-,SPA,11.5,—,0.7,29.7,1478.0,1749.0,chart_features_only
パ→ピ→プ→Yeah!,SPA,11.5,—,-1.8,25.3,1518.0,1771.0,chart_features_only
Pout,SPA,11.5,—,-4.8,24.3,1544.0,1780.0,chart_features_only
Tail Lights,SPA,11.5,—,0.5,29.3,1482.0,1743.0,chart_features_only
ALBA-黎明-,SPA,11.5,—,-2.2,26.5,1508.0,1772.0,chart_features_only
MAXIVCORD,SPA,11.5,—,0.3,27.4,1500.0,1741.0,chart_features_only
Pharaoh,SPA,11.5,—,-3.2,29.0,1508.0,1748.0,chart_features_only
ラビットホール,SPA,11.5,—,-5.9,25.5,1514.0,1813.0,chart_features_only
City Never Sleeps(IIDX EDITION),SPA,11.5,—,-5.9,24.5,1551.0,1773.0,chart_features_only
Fervidex,SPA,11.5,—,-2.7,25.2,1508.0,1780.0,chart_features_only
HEISEI,SPA,11.5,—,-2.6,27.3,1504.0,1747.0,chart_features_only
Holic,SPA,11.5,—,-3.5,26.4,1529.0,1727.0,chart_features_only
マツケンサンバII,SPA,11.5,—,-5.5,26.9,1504.0,1774.0,chart_features_only
SnapSkipSpark,SPA,11.5,—,-3.2,26.1,1504.0,1753.0,chart_features_only
アイドル,SPL,11.5,—,-0.7,28.7,1470.0,1739.0,chart_features_only
Shadow World,SPA,11.5,—,-6.0,24.3,1531.0,1766.0,chart_features_only
ZENDEGI DANCE,SPA,11.5,—,-3.4,24.4,1492.0,1773.0,chart_features_only
Wanna Party?,SPL,11.5,—,-0.9,25.4,1484.0,1736.0,chart_features_only
BabeL ～Grand Story～,SPA,11.5,—,-1.6,30.2,1448.0,1725.0,chart_features_only
GloriosA,SPA,11.5,—,-5.6,28.7,1480.0,1746.0,chart_features_only
RED ZONE,SPA,11.5,—,-6.5,30.1,1470.0,1744.0,chart_features_only
Ergosphere,SPA,11.5,—,-5.3,27.4,1480.0,1744.0,chart_features_only
Wonder Girl feat. Kanae Asaba,SPA,11.5,—,-5.0,26.4,1476.0,1758.0,chart_features_only
果たせぬ約束 ft. 小林マナ,SPA,11.5,—,-3.4,27.9,1455.0,1750.0,chart_features_only
凛として咲く花の如く,SPL,11.5,—,-5.3,23.4,1499.0,1765.0,chart_features_only
恋は白帯、サンシロー,SPL,11.5,—,-11.6,21.9,1518.0,1816.0,chart_features_only
YELLOW FROG from Steel Chronicle,SPL,11.5,—,-7.2,19.7,1514.0,1799.0,chart_features_only
マーシャル・マキシマイザー,SPA,11.5,—,-3.8,22.5,1497.0,1748.0,chart_features_only
Romanticが止まらない,SPA,11.4,—,-5.0,23.5,1496.0,1740.0,chart_features_only
Ambush Ace,SPA,11.4,—,-5.3,23.5,1486.0,1758.0,chart_features_only
bloomin' feeling,SPA,11.4,—,-8.8,24.2,1511.0,1751.0,chart_features_only
シャムシールの舞,SPA,11.4,—,-7.8,22.3,1498.0,1769.0,chart_features_only
Sakura Reflection,SPA,11.4,—,-7.3,15.0,1515.0,1798.0,chart_features_only
マチ子の唄,SPL,11.4,—,-7.3,17.9,1495.0,1759.0,chart_features_only
The Dirty of Loudness,SPA,11.4,—,-10.5,21.2,1492.0,1737.0,chart_features_only
Legendary Treasures,SPA,11.4,—,-10.6,20.7,1486.0,1743.0,chart_features_only
でんぱ どりる わんにゃー☆三,SPA,11.3,—,-11.3,21.7,1472.0,1744.0,chart_features_only
オドループ,SPL,11.3,—,-9.6,16.6,1479.0,1728.0,chart_features_only
怪物,SPL,11.3,—,-12.7,15.9,1473.0,1737.0,chart_features_only
Scars of FAUNA,SPA,11.2,—,-13.5,17.2,1453.0,1726.0,chart_features_only
シル・ヴ・プレジデント,SPL,11.2,—,-13.0,12.6,1486.0,1709.0,chart_features_only
examination leave,SPA,11.2,—,-19.7,16.4,1453.0,1728.0,chart_features_only
HIGH,SPL,11.1,—,-16.8,12.4,1441.0,1699.0,chart_features_only
