title,difficulty_score,kojinsa_score,bpi_at_aaa,bpi_at_9444,cpi_hard,cpi_exhard
A,-0.36736274094712196,0.2485976272421349,19.679208755493164,41.18404769897461,1568.9163818359375,1811.5030517578125
A MINSTREL ～ ver.short-scape ～,-0.9633621160002707,0.6315045107207213,6.227023124694824,28.776126861572266,1562.406005859375,1814.68017578125
AA,-0.9756353409017193,-1.3034565227367758,6.87257719039917,29.329322814941406,1568.6715087890625,1785.8291015625
AA -rebuild-,-0.8027026619295761,-1.3363398960103363,8.695054054260254,27.20363426208496,1607.07666015625,1813.1024169921875
ACTØ,-0.9311887583608072,-0.23692060424518196,6.546361446380615,35.677452087402344,1531.42138671875,1799.1351318359375
Adularia,-0.868980222938166,0.30060731637224586,7.286316394805908,33.43663024902344,1538.5841064453125,1834.8992919921875
AIR RAID FROM THA UNDAGROUND,-0.1163933126333079,0.26993486138607736,19.21750259399414,39.63332748413086,1611.8214111328125,1887.4996337890625
AIR RAID FROM THA UNDAGROUND†,-0.18784181336390926,0.44349943193084573,18.780200958251953,40.261016845703125,1597.8841552734375,1872.59375
AKASHIC BREAK,-0.35476756016092226,-0.18607711689909165,18.96440887451172,42.521568298339844,1547.1875,1844.652099609375
ALBIDA,-1.22334263521367,0.2719233763240913,3.2224462032318115,29.396944046020508,1524.746826171875,1773.4217529296875
Almagest,0.39586298698473227,-0.8814764643762466,26.45591926574707,52.136024475097656,1622.775390625,1902.158203125
ALTERNATOR,-0.003745765018595096,-0.2648740898376757,21.792743682861328,45.11412048339844,1604.575439453125,1865.13427734375
Always We Trust In You,-0.409929383042819,0.29906077303419315,13.522761344909668,43.048797607421875,1569.3953857421875,1835.2763671875
Amazing Mirage,-0.42914532362164054,0.20062981992345985,15.660510063171387,40.818504333496094,1557.5362548828125,1846.546142578125
Amazing Mirage†,-0.27667948957303234,0.01812659929878984,16.537853240966797,41.71581268310547,1574.226318359375,1874.7135009765625
Ambivalent Vermilia,0.7556103661921485,-1.2003015933704773,26.862560272216797,48.0135612487793,1705.0738525390625,1987.963134765625
ANCHOR,-0.09147355812696109,-1.1742912671070094,17.81264877319336,38.31047821044922,1625.275146484375,1908.0474853515625
Ancient Scapes,0.382185552230526,-1.555417491697615,20.95500946044922,42.820587158203125,1690.380859375,1951.1060791015625
Ancient Scapes†LEGGENDARIA,0.006592374150238393,-1.4860628969131735,17.66922950744629,40.907493591308594,1636.561279296875,1910.46142578125
Angel's Ladder,-0.2506038199406736,-0.4651795678298337,19.78636360168457,44.90545654296875,1558.06201171875,1842.7100830078125
Anisakis-somatic mutation type \-,-1.337579006915428,0.26050256701440017,-6.345036029815674,28.758787155151367,1548.713623046875,1789.7086181640625
AO-1,-0.4912834170043099,0.6927964536295224,12.687854766845703,38.890281677246094,1559.3704833984375,1866.739501953125
Apocalypse,-0.8814975748593055,-0.30517248021129956,9.012609481811523,35.906307220458984,1522.8182373046875,1807.8441162109375
Aqvion,-0.841643321134883,-1.056432521930663,7.20969295501709,29.231761932373047,1568.4451904296875,1848.5223388671875
Arabian Rave Night,-0.8354007897232907,0.48499489151227815,12.331133842468262,40.78130340576172,1508.4520263671875,1763.259033203125
Arca,-0.9760913752300927,-0.1319806366526592,11.276174545288086,37.624542236328125,1502.227294921875,1751.25439453125
Arkadia,-0.31979178165437494,-1.0065615555234182,16.477935791015625,40.36342239379883,1592.259521484375,1841.063720703125
Artist,0.41394680151640784,-1.025055797056769,24.523244857788086,48.38505172729492,1640.2244873046875,1945.6708984375
ASIAN VIRTUAL REALITIES (MELTING TOGETHER IN DAZZLING DARKNESS),0.028690432590916623,0.2720998680166579,25.257699966430664,48.5851936340332,1563.78369140625,1869.587158203125
B.O.D.Y.,-0.91700806075426,-0.8417358315294903,12.641579627990723,40.346580505371094,1503.688720703125,1732.7666015625
B4U(BEMANI FOR YOU MIX),-1.2708981135365205,0.1845382972530613,-3.3681576251983643,30.86603546142578,1529.337646484375,1797.3291015625
B4U(BEMANI FOR YOU MIX)†,0.05719741875762693,-1.4975430063737396,17.440732955932617,40.096534729003906,1663.05712890625,1904.6358642578125
Bad Encryption,0.811320329654152,-0.4587535912021089,26.342771530151367,45.92057418823242,1718.2509765625,2022.9302978515625
Bad Maniacs,-0.6818670433347729,-0.34895975603743795,6.70964241027832,31.65186309814453,1604.7867431640625,1847.094482421875
Be quiet,0.4516488369410699,1.4371968620481048,29.388952255249023,52.35739517211914,1580.454833984375,1962.04833984375
BEAT PRISONER,0.630540129047708,-0.6372572228486816,19.59836196899414,41.73575973510742,1712.1143798828125,2063.60302734375
Beat Radiance,-1.6771792406027686,0.08237907611387194,-9.554654121398926,14.435132026672363,1561.52392578125,1798.298095703125
Beat Radiance†,-1.6568509877890814,0.027210226312456044,-10.094504356384277,15.64502239227295,1555.1964111328125,1810.4632568359375
BIGソムタム,-1.0073336925568988,0.18689837540010862,2.851761817932129,29.789615631103516,1549.978759765625,1837.822998046875
BIGWAVERS,-0.6469693210134511,-0.352500738603002,11.086578369140625,39.278743743896484,1552.9820556640625,1814.2579345703125
Binary Black Hole,0.2252738370765587,-0.941178322960598,22.44240379333496,46.029571533203125,1644.532958984375,1895.9208984375
BITTER CHOCOLATE STRIKER,-0.8012409499445247,-0.8584574547884729,6.511000156402588,27.335811614990234,1594.57958984375,1855.3868408203125
BLACK or WHITE?,0.472097768583891,-1.020060444397681,22.1882381439209,41.862003326416016,1695.6199951171875,1983.8184814453125
BLACK.by X-Cross Fade,1.3663204940501867,1.2332230791675118,27.14227867126465,50.523170471191406,1768.4725341796875,2152.83837890625
BLAZING_LAZER,-0.8313859650752529,0.17817988427765316,7.977819919586182,39.19033432006836,1525.3890380859375,1802.69091796875
BLUE DRAGON(雷龍RemixIIDX),-0.3336812850948104,-0.3056706756979908,12.424250602722168,33.07887649536133,1607.9620361328125,1933.7135009765625
BLUE MIRAGE,0.3754803904421192,0.6939551486823676,24.690296173095703,46.224857330322266,1632.2850341796875,1961.734619140625
Blue Rain,-1.1259985761122997,0.6309908682069005,2.580918073654175,30.057085037231445,1543.680908203125,1790.238037109375
Blue Rain†,-0.5573347509198314,-0.8931359938154404,7.561314582824707,31.286243438720703,1626.6448974609375,1867.876220703125
Blue Spring Express,0.4025034320762731,-1.0542541163076273,29.639915466308594,50.19622802734375,1623.035400390625,1892.4381103515625
Boomy and The Boost,-0.3481431322158711,0.34985865789540105,17.194189071655273,39.136966705322266,1567.9971923828125,1871.52197265625
Bow shock!!,-0.33094293249440254,-1.3285122115114936,7.204076290130615,34.95320129394531,1657.1392822265625,1892.5540771484375
Bring The Fire,-0.8080166845867394,-0.2252044282745943,6.1496195793151855,36.203453063964844,1548.5103759765625,1830.2320556640625
BroGamer,0.6751191343644277,0.4059584660090494,18.98607635498047,44.27216720581055,1719.3853759765625,2052.138916015625
Broken,-1.0518119030284208,0.12746796716794373,7.979226112365723,29.627513885498047,1535.493896484375,1786.1063232421875
Broken Sword,-0.6959494220414307,-1.6201454094570922,1.2173759937286377,27.076486587524414,1639.2694091796875,1895.387451171875
Burning Flame,0.1621349010427439,-0.7582229607877404,22.186656951904297,45.946380615234375,1628.8226318359375,1893.7744140625
CADENZA,0.8593189189250526,-0.817828252903158,22.37241554260254,51.2783203125,1719.880859375,2026.620849609375
Candy Galy,-1.044507229175281,0.2811094943754395,4.654214859008789,30.475200653076172,1547.150634765625,1797.4149169921875
Carmina,1.4741818446415897,-0.6916846253046418,34.99357986450195,57.43473815917969,1734.8138427734375,2097.513671875
Carry Me Away,-0.7002300650714633,0.49727650816282726,13.258195877075195,39.044189453125,1527.483642578125,1808.048828125
Catch Our Fire!,-0.9704878172811078,-0.16769314756925113,7.248239994049072,32.94340896606445,1537.25830078125,1793.731201171875
Caterpillar,0.17916950759925626,1.5398125965637193,21.102008819580078,45.05568313598633,1591.5360107421875,1982.2557373046875
Chaotoxin,-0.8632939748507624,0.14336776189574557,11.435009956359863,35.18243408203125,1527.0552978515625,1792.1102294921875
ChaserXX,0.9942239798151977,-0.28242180638474335,35.113609313964844,60.52593231201172,1656.9832763671875,1952.28662109375
CHRONO DIVER -NORNIR-,0.08010123603410813,-0.7812404780813571,15.642900466918945,36.56119155883789,1673.2412109375,1958.098388671875
CHRONO DIVER -NORNIR-†,0.16282927204191006,-0.6372297242933773,15.709904670715332,36.87120056152344,1686.0391845703125,1973.8189697265625
Chrono Diver -PENDULUMs-,0.5621635799544188,-1.3835783075766046,21.2313289642334,41.36487579345703,1727.197998046875,1993.3907470703125
cinder,-0.2746670663154682,-0.1732924249111748,15.691726684570312,37.65180969238281,1608.2725830078125,1876.1463623046875
Close the World feat.a☆ru,0.07059250342395228,-1.1451950473419659,15.722320556640625,34.73058319091797,1681.2713623046875,1960.2928466796875
Close the World feat.a☆ru†LEGGENDARIA,0.004784957901167647,-1.3240066337210183,19.076513290405273,41.5409049987793,1633.1597900390625,1892.8787841796875
CODE:1,-0.5901322007512894,0.09256898079459641,11.28306770324707,33.796085357666016,1585.3797607421875,1849.4139404296875
Colorful Cookie,-0.8997400587762016,-0.7902674694142944,2.424104690551758,27.39258575439453,1595.7066650390625,1848.9918212890625
Colors(radio edit),0.6049349296813982,0.5163095125066572,24.913129806518555,49.445587158203125,1666.960205078125,1980.0538330078125
Concertino in Blue,0.5677438636243417,1.1336481195014865,26.930561065673828,51.97579574584961,1632.141845703125,1967.2982177734375
Confiserie,0.5774262448874763,-0.6197529423653036,15.134472846984863,40.12477111816406,1746.9698486328125,2048.546875
CONTRACT,-0.19932871703134813,-0.0248493725784919,16.598960876464844,40.801937103271484,1588.373291015625,1899.3411865234375
CONTRACT†,-0.22369892285087056,-0.11139341728630753,16.157005310058594,40.92081832885742,1585.8397216796875,1894.94384765625
Cosmic Cat,-1.2547776619149578,-0.2865913962997364,1.2109230756759644,28.975194931030273,1531.7645263671875,1773.326416015625
Cosmic Cat†,-1.2541620732377747,-0.2865913962997364,1.2109230756759644,28.975194931030273,1531.7645263671875,1773.6243896484375
COSMIC RAY,0.5222390278457328,-0.04508271205240231,32.701141357421875,54.00456237792969,1610.4127197265625,1895.3297119140625
COSMIC V3LOCITY,-0.47134159630154004,-0.033151698236315,13.042313575744629,38.79612350463867,1581.0816650390625,1839.430908203125
Cross Fire,0.3756714896427001,-0.616753692638765,25.110858917236328,46.138816833496094,1642.087158203125,1942.8375244140625
CUE CUE RESCUE,-1.298080306087122,-0.1452822988069808,-0.38019731640815735,27.27098846435547,1534.2589111328125,1784.3436279296875
Cult Invitation,1.2846250694956125,0.3220481313123764,32.54696273803711,55.07285690307617,1704.9893798828125,2105.10986328125
Dahlia,-0.30561654310561026,-0.16794992525077423,15.957806587219238,42.02191162109375,1582.8126220703125,1849.9808349609375
Dances with Snow Fairies,0.03315468251303026,-0.01503532804074903,23.72142791748047,46.31528854370117,1592.9334716796875,1867.4046630859375
Dans la nuit de l'éternité,0.9623377567744322,0.19619586929989624,35.81681823730469,63.70393371582031,1634.728759765625,1929.1634521484375
DARK LEGACY,-0.7701240472643072,0.14396882801830685,2.7999112606048584,31.09351921081543,1611.5706787109375,1841.6697998046875
dAuntl3ss,-0.7120087874623712,-1.067483327330071,12.024459838867188,37.13002395629883,1554.486083984375,1794.2088623046875
DAY DREAM,1.080155087390559,0.8746642118253356,31.491954803466797,52.161598205566406,1716.4385986328125,2031.6571044921875
DEADHEAT,-0.24100007458281086,-0.17044070302334624,17.15561294555664,42.58353042602539,1579.01611328125,1868.20849609375
Despair of ELFERIA,-0.6810740969619355,-0.2515074008480816,3.084974527359009,33.09871292114258,1625.251708984375,1837.9281005859375
destination,-0.9528604916503853,-0.40646856557372574,6.1417717933654785,29.239646911621094,1569.1566162109375,1804.8955078125
Devil's Gear,0.40179906696811557,-0.47981585712713376,22.944042205810547,45.091590881347656,1664.6121826171875,1954.7625732421875
Devilz Staircase,0.7568641569510579,-0.7030043670678439,27.353574752807617,48.02193832397461,1693.2335205078125,2001.8883056640625
DIAVOLO,2.2023152520425575,-0.22101192623741378,45.88735580444336,75.04085540771484,1730.86962890625,2144.47314453125
dica dica,0.5850992401137912,0.6913314162929576,25.677566528320312,48.349239349365234,1652.63134765625,1997.0211181640625
DIVINE JUDGEMENT,-0.6665434339490354,0.3468649701199227,4.551618576049805,36.25690460205078,1580.560302734375,1864.6915283203125
DOMINION,-0.03099914128870887,0.35038209110288354,19.90096664428711,45.007808685302734,1599.50390625,1881.337158203125
DORNWALD ～Junge～,0.29063405371346823,-0.9196223891274491,24.70489501953125,48.93718338012695,1627.25244140625,1898.3604736328125
Double Dribble,-0.13503596471810006,0.6966180885513835,11.415156364440918,36.805686950683594,1617.9052734375,1983.653564453125
Dr. Chemical & Killing Machine,-0.881862344780148,-0.7466536130530949,4.264572620391846,30.081100463867188,1585.2874755859375,1824.5755615234375
Drastic Dramatic,-1.3622795351999604,-1.2713038219851858,0.4062526226043701,26.490324020385742,1529.8079833984375,1760.533203125
Drop Syndicate,0.4083115629752893,-0.18235693456579957,22.656005859375,46.09498977661133,1655.1475830078125,1964.7823486328125
DropZ-Line-,0.9539618143168175,0.828519552517756,31.530120849609375,55.803592681884766,1646.248779296875,2040.3936767578125
DUE TOMORROW,1.705279425480678,1.653444938072166,33.013641357421875,64.28712463378906,1740.9337158203125,2144.9033203125
Dynamite,0.950835110364626,0.527246035833981,31.900047302246094,54.09144592285156,1659.959228515625,2032.3060302734375
EBONY & IVORY,0.7491131423264477,-0.2977132826434052,15.885377883911133,37.097694396972656,1779.779541015625,2105.487060546875
EBONY & IVORY†,0.8840480321010811,-0.7385545627503238,28.22614860534668,50.28193283081055,1709.450439453125,2003.50244140625
Elemental Creation,1.2007180910329867,-0.4986576443821413,29.320343017578125,48.996246337890625,1767.6265869140625,2067.662353515625
Empire of Fury,0.47295241828864987,-0.342526871429126,27.427927017211914,49.611854553222656,1636.3482666015625,1935.684814453125
encounter,-0.8243163645116548,0.10408415279086208,8.19534683227539,38.0298957824707,1532.429931640625,1805.560546875
entelecheia,-0.8921693853631052,-0.39843532842107354,5.759527206420898,25.9739933013916,1597.61376953125,1829.727294921875
eRAseRmOToRpHAntOM,0.6553605678882337,0.9327870661663729,27.707538604736328,52.55828857421875,1628.12890625,2001.267333984375
EVANESCENT,-0.7324215260999789,-0.6525751451918986,11.203890800476074,37.250572204589844,1547.897216796875,1802.1470947265625
Evans,-0.37272837480609716,0.6812069560604344,17.66948699951172,42.59407424926758,1546.4990234375,1850.0819091796875
Everlasting Message,1.4584810236234267,0.121206429471799,30.84295654296875,53.38460159301758,1761.420654296875,2137.268310546875
EX-MASSIVE FIGHTER,-0.8955569192084194,-0.030810837973575977,3.3953216075897217,29.90393829345703,1572.3343505859375,1849.61767578125
EXUSIA,-0.27702434333628284,-0.6021937719913019,17.552886962890625,40.3008918762207,1594.4873046875,1847.4564208984375
EYE OF THE HEAVEN,0.1108193166434512,-0.36596968745667935,21.43315887451172,42.96424865722656,1618.3072509765625,1926.6341552734375
F,-1.1894781927916998,-1.331226375318773,4.498897552490234,26.86801528930664,1546.89794921875,1769.3045654296875
FAKE TIME,0.44430478841790944,0.4580590957470684,29.384809494018555,54.58670425415039,1583.2635498046875,1929.38818359375
fallen leaves -IIDX edition-,-0.45790401576211637,-1.0654548542679456,9.912528038024902,35.884613037109375,1618.853759765625,1852.1534423828125
FANTASTIC THREE,0.23528204197494718,0.9058703323794817,23.629310607910156,46.98116683959961,1599.4432373046875,1948.5845947265625
Fascination MAXX,0.7549945977894663,1.3359128928994188,35.93602752685547,57.99932098388672,1589.11572265625,1962.6749267578125
Feel The Beat,0.6757080455466962,-1.1144623367438418,21.45486068725586,42.373512268066406,1735.3548583984375,2021.921142578125
Feel The Beat†LEGGENDARIA,0.6098992340922883,-1.1144623367438418,14.288249015808105,35.62608337402344,1781.36474609375,2068.996337890625
Fegrix,-0.17556979281368856,0.15214681207222353,18.330028533935547,44.63851547241211,1578.82373046875,1864.838623046875
fffff,-0.07741661319677061,-0.12667992403472167,21.776498794555664,44.83899688720703,1594.9329833984375,1847.895263671875
Fire Beat,0.8439553474149243,1.1980737557204262,30.026172637939453,53.9802360534668,1626.434814453125,2054.670166015625
FIRE FIRE,-0.646887361321726,1.05560541344119,14.139839172363281,36.90678405761719,1542.2083740234375,1824.9423828125
Flashes,0.24188592969507705,0.1839069741132509,21.9409236907959,47.09468460083008,1626.783447265625,1925.4835205078125
FlyAway,-0.5160787640465839,0.03355065646355429,11.782302856445312,37.94538879394531,1549.2191162109375,1890.89501953125
Flying Castle,-0.4822113327821639,-0.15112977515319576,15.390305519104004,41.23172378540039,1555.9466552734375,1821.6707763671875
four pieces of heaven,0.05617028146049681,0.8966632601754481,18.400035858154297,40.99020767211914,1607.685302734375,1971.23779296875
frequent,-1.150532265408938,-0.49658569334540836,4.007602214813232,33.095375061035156,1522.3487548828125,1763.03564453125
FUZIN RIZIN,-1.0347889285569234,-0.3135523936199252,5.990014553070068,32.60710525512695,1531.97802734375,1788.108154296875
G59,-0.9397505780944062,-0.861999612434345,5.631111145019531,30.243432998657227,1575.5015869140625,1795.5687255859375
GAIA,-0.7209748499483083,-0.12653351987474987,10.737799644470215,34.892520904541016,1565.2994384765625,1811.3956298828125
GAME ON,0.25802225491380804,1.4174040700617683,21.712749481201172,44.659420013427734,1600.480224609375,2004.1939697265625
Ganymede,0.21312438620146013,0.6400998483294498,20.141254425048828,47.812747955322266,1607.052490234375,1953.932373046875
GENE,-0.5286785558506282,-1.3034213000171522,10.118451118469238,31.327207565307617,1616.3961181640625,1870.10888671875
Ghost Pulse,-0.42735174189692027,-0.10116696017059629,9.436561584472656,33.773277282714844,1623.197509765625,1888.599365234375
gigadelic,0.2945787634194486,0.2883389685669958,21.886474609375,44.061012268066406,1645.1978759765625,1956.194091796875
glacia,-1.0431867188678052,0.3049808542439128,3.0431036949157715,32.7532958984375,1534.763427734375,1809.5347900390625
Glitch N Ride,1.4659915604825446,1.2495499918877155,35.02677536010742,57.8753662109375,1725.82275390625,2102.4775390625
Go Ahead!!,1.4499870420306267,0.9926186877454748,30.288789749145508,50.423179626464844,1762.057373046875,2170.919677734375
Go Beyond!!,1.6807704645420585,0.4845686590771221,39.8587532043457,66.89118957519531,1700.0732421875,2095.381591796875
GO OVER WITH GLARE -ROOTAGE 26-,0.711710892639407,-0.7019351153912854,27.081180572509766,53.35762405395508,1686.72314453125,1934.03125
GOLDEN CROSS,-1.0319773464532374,-0.17362839917994832,6.343186855316162,28.083133697509766,1556.43212890625,1797.325439453125
Grand Chariot,-0.12108181349095976,-0.18569522696617327,18.8548583984375,43.63024139404297,1595.5108642578125,1870.486083984375
Gravigazer,-0.5789834651621883,0.20397384949221903,12.262411117553711,40.2083854675293,1559.0142822265625,1814.7801513671875
GRAVITON,-0.3029495208568011,-0.7127590465421331,15.855892181396484,36.82686233520508,1608.205810546875,1869.955322265625
GUILTY,-1.0445932248215113,0.5646907162046193,6.378422260284424,27.723567962646484,1549.586181640625,1805.6187744140625
GuNGNiR,1.188436384090195,-0.055946897376168536,31.69598388671875,54.99535369873047,1697.621826171875,2080.11767578125
HADES,0.10469735686130358,0.125928547413133,24.267417907714844,48.083343505859375,1582.472412109375,1893.07666015625
HAERETICUS,0.20743230871349388,0.1756495270047251,20.90125846862793,44.29047775268555,1645.597900390625,1921.367919921875
HARD BRAIN,-0.8658740996980278,-1.0249511581309358,6.466134548187256,31.172163009643555,1576.940673828125,1809.8343505859375
Hat Surprise (Season 2),-1.151817410315706,-0.10925912956946832,2.2558441162109375,32.758872985839844,1520.6654052734375,1787.524658203125
Here We Go Now,-0.242588260476234,-0.31631848423696335,12.124845504760742,35.80025100708008,1620.6722412109375,1930.7962646484375
Hollywood Galaxy,-0.4628566498199845,0.12375162245711169,15.056011199951172,39.714996337890625,1573.6373291015625,1823.5533447265625
hora de verdad,-0.47698936006389525,0.7358592693906107,9.424703598022461,29.861478805541992,1597.74560546875,1948.19287109375
HYENA,0.5459956286774473,-0.4023368364056944,24.416122436523438,49.04331588745117,1659.3052978515625,1973.3626708984375
I,0.47503685888049585,-0.29851007591690626,25.414833068847656,48.07221603393555,1645.0413818359375,1961.5882568359375
ICARUS,2.109206802484218,1.4679822391828485,39.32278823852539,62.834381103515625,1778.1734619140625,2230.39990234375
ICARUS†,2.1963055609561692,1.2276506803333214,35.43318557739258,66.30764770507812,1808.4674072265625,2227.87841796875
Idola,-1.0233982893221696,-0.6007255395063835,1.7266196012496948,25.31151580810547,1587.26416015625,1832.9759521484375
Ignis†Iræ,1.104236686842744,0.006221345988858679,35.777671813964844,60.85647201538086,1654.595703125,1998.5361328125
Illegal Function Call,3.2825219355123,0.713665289351897,43.12274169921875,79.61690521240234,1901.8653564453125,2376.662841796875
Illusionary Waterlily,-0.347816613838571,-0.4514926745987821,15.894896507263184,43.35813522338867,1570.183349609375,1835.311279296875
Inferno of Fomalhaut,1.1043831131992787,1.033007766027105,38.3226318359375,60.24800491333008,1635.6524658203125,2008.00341796875
innocent revolver,0.36016190847027774,0.06944891804003528,24.062641143798828,49.443092346191406,1627.523681640625,1932.8428955078125
Innocent Walls,0.344378409704697,0.8708905662826509,30.515146255493164,51.47666549682617,1568.5548095703125,1926.60693359375
INSOMNIA,-0.09699637635037517,0.8575183450690755,15.373737335205078,40.301361083984375,1592.4671630859375,1961.072021484375
Invitation from Mr.C,-0.13069285764752786,0.7692807759929902,15.925105094909668,44.463748931884766,1577.0244140625,1917.043701171875
invoker,0.1888994978467135,0.2956526350036981,18.214679718017578,40.84870910644531,1646.6663818359375,1977.6021728515625
invoker†LEGGENDARIA,0.07399119072959245,0.338193203936337,28.142410278320312,50.32307434082031,1560.3963623046875,1846.742431640625
JOMANDA,0.8468222618442899,0.2917364007355256,29.38728141784668,54.2099494934082,1662.3626708984375,2003.718505859375
JUSTICE/GUILTY feat. Nana Takahashi & 709sec.,-1.017873471073029,-0.5124328839657826,-0.03643579035997391,31.447195053100586,1559.323486328125,1830.4864501953125
KAISER PHOENIX,0.8914755772769687,-0.8831851864766993,24.885955810546875,47.605472564697266,1749.967529296875,2008.63232421875
KAISER PHOENIX†,0.44561781110055687,-0.5293015401647468,19.9864501953125,40.55202102661133,1712.2393798828125,1982.8740234375
KAMAITACHI,-0.20828309982650967,0.4676808457701373,19.34638023376465,43.53761672973633,1569.52001953125,1865.010498046875
KAMAITACHI†,1.3833923179596097,-0.3649607610796529,28.086835861206055,50.10224533081055,1785.0421142578125,2129.559326171875
KILL EACH OTHER,-0.620552817876969,-1.319671084869093,10.201905250549316,34.065608978271484,1591.6632080078125,1833.35498046875
KING,-1.4932761536822494,-0.2612851272369529,-1.145983338356018,23.73748016357422,1516.957275390625,1764.499755859375
Konzert V,0.05159918179699429,-0.6296660007268194,18.298093795776367,45.165287017822266,1629.4990234375,1889.4351806640625
kors k's How to make OTOGE CORE 「LONG」,0.1555764177605526,0.21631508528805024,27.20231056213379,48.37592315673828,1588.132568359375,1874.1654052734375
Kung-fu Empire,-0.9475183244247992,0.1505324719425914,9.504912376403809,36.40216827392578,1514.10205078125,1778.8616943359375
Kung-fu Empire†,-1.3196355306766265,-0.6763464741608509,1.716286301612854,29.705596923828125,1511.6431884765625,1760.1405029296875
L.F.O,-0.70753787941164,0.21046199349109884,10.683187484741211,37.94490432739258,1560.83837890625,1791.6630859375
LASER CRUSTER,-0.9583518578471548,0.4986146565739194,6.420992851257324,35.023658752441406,1532.5010986328125,1792.8760986328125
LASER CRUSTER (IGNITE REMIX),0.5454673491377294,-0.3732554860907199,24.50819969177246,49.31737518310547,1642.3936767578125,1995.7357177734375
Last Dance,-0.29130997639317224,-0.02097818490128217,17.98310089111328,43.92324447631836,1568.72900390625,1836.3651123046875
Lethal Weapon,-0.519513991561172,0.1824417348345317,17.957826614379883,41.67060852050781,1539.0086669921875,1797.994384765625
Level 2,1.0619794520154853,1.2773649170626933,30.60379409790039,51.130741119384766,1699.4576416015625,2070.547607421875
Level 3,2.2148328103166874,1.9843664872688012,34.17672348022461,57.36543655395508,1836.4405517578125,2305.3623046875
Level 4,1.8304604553134194,1.5060628946726493,43.284881591796875,67.07219696044922,1738.4627685546875,2068.70458984375
Level 5,2.5169929523741628,1.5259710603967853,40.65890121459961,67.46259307861328,1820.1710205078125,2295.989990234375
Level One,1.0341447740401075,1.2772191739165886,30.97100067138672,53.601444244384766,1679.15185546875,2057.750244140625
Liberation,0.22840089872592256,-0.5961017378334397,29.738359451293945,53.6682014465332,1571.565673828125,1849.7230224609375
Life Is A Game ft.DD\Metal,0.14721010910639293,-0.31557236509056874,16.11801528930664,41.626033782958984,1665.91357421875,1940.8822021484375
LIGHTNING STRIKES,0.32186748052837943,-1.097551812302336,16.597227096557617,33.957313537597656,1728.5693359375,2006.603759765625
Lightspeed,-0.6430244852379516,0.38212411741568636,7.334259510040283,34.712486267089844,1584.9747314453125,1856.4998779296875
Little Little Princess,-0.8035981770333167,-0.40187486790560545,-2.937676191329956,32.065223693847656,1605.9384765625,1884.9017333984375
Little Little Princess†,-0.28252382810846177,0.024592289993555567,7.956559658050537,39.57721710205078,1627.47314453125,1903.419921875
Little Star,0.1104966938587947,0.2945559465765606,21.520444869995117,42.81134796142578,1620.822021484375,1923.27734375
LIVE DRIVING!! feat. 花たん,-1.1914585495760246,-0.30058031440839267,0.8169605135917664,31.121807098388672,1530.9847412109375,1785.6102294921875
LOCUS OF THE TRAVEL,0.5697948411658829,0.6854509464989377,31.40611457824707,52.77154541015625,1602.30908203125,1958.63818359375
Lost Souls,0.048037876582260136,-0.9782050417638666,9.246779441833496,34.457862854003906,1717.67431640625,1964.253173828125
LOST TECHNOLOGIE,-0.17403431255749385,-0.5958017604305026,18.484888076782227,43.61376953125,1578.8387451171875,1875.2672119140625
M4K3 1T B0UNC3,-0.3481137843840718,0.3365394747106792,12.57884693145752,39.83677291870117,1594.34814453125,1871.5848388671875
Mächö Mönky,0.5416583153556518,0.6469392689336924,25.220104217529297,49.01753616333008,1649.2230224609375,1978.843994140625
MAD ATTACK,0.26033890289758665,1.402615309063537,28.376211166381836,50.097434997558594,1562.330078125,1933.89892578125
Mare Nectaris,3.460410757112238,0.26021599899303527,44.92250442504883,84.104248046875,1913.6021728515625,2375.26806640625
Marie Antoinette,-0.023220462078103923,1.1806071524821313,21.86419105529785,45.747501373291016,1563.833251953125,1912.1285400390625
MARLIN,-0.7472155740526775,-0.2687765627497589,12.534648895263672,35.070716857910156,1536.1292724609375,1823.48095703125
Matt Silver,-0.7335056632887165,0.11111058202809765,11.080323219299316,40.789119720458984,1530.13623046875,1791.691650390625
MAX 300,0.7229957428927924,0.5457777370183973,20.860715866088867,43.07796859741211,1718.74951171875,2069.519287109375
MAXIMUM CHEAT GIRL,-0.2300037345544675,0.3748280974040073,20.502437591552734,46.83571243286133,1547.025390625,1841.0135498046875
MEGAERA,0.5695329162724152,-0.8349321002731118,21.33060073852539,43.8846321105957,1704.7203369140625,2003.3768310546875
Megalara Garuda,-0.796771631670869,-0.09512028943469819,8.708212852478027,35.10049819946289,1560.151123046875,1802.2099609375
Meissa,-0.14241009659834172,0.38162102061370473,7.555184364318848,37.00324249267578,1641.6717529296875,1981.700927734375
MENDES,-0.5654697926687252,-0.360420117178034,10.646227836608887,32.055999755859375,1602.1907958984375,1860.9632568359375
Mid-Corner (Magic Maker),-0.36615569319355545,0.24927434574209412,14.61546802520752,38.55086135864258,1583.5450439453125,1872.366455078125
Million Dollar,-0.6247728511684192,0.0682518653554767,14.64542293548584,37.29106903076172,1538.6505126953125,1831.5875244140625
Miracle 5ympho X,0.2557252076590606,0.5785555344175134,27.34152603149414,54.252593994140625,1563.1619873046875,1895.3345947265625
Monopole.,0.0650413747388969,-0.6174844088184904,25.353879928588867,48.956119537353516,1582.2901611328125,1852.8751220703125
moon_child,-0.521484661028223,1.0386153947642636,11.683006286621094,38.331295013427734,1557.158447265625,1872.5478515625
n/a,2.2375026207326165,0.11285817261189446,46.15979766845703,68.49540710449219,1778.03125,2156.8564453125
NEO GENERATOR SEVEN,-0.5358415854057115,-0.5876843432812926,11.274662971496582,39.65237808227539,1571.6319580078125,1832.5028076171875
neu,-0.690388059273245,1.2373210505499,2.518709182739258,34.6602668762207,1591.3104248046875,1875.646240234375
New Castle Legions,0.000916485042507964,0.4534570267638311,22.24932861328125,46.54221725463867,1588.1536865234375,1872.5528564453125
NEW GENERATION-もう、お前しか見えない-,-0.19918193681068658,0.5007295556331364,15.92751693725586,41.075775146484375,1604.810546875,1877.6483154296875
Nightmare before oversleep,-1.0972602452000473,0.1567028275268072,4.673984050750732,31.10082244873047,1541.06689453125,1774.318359375
NINJA IS DEAD IIDX ver.,-0.33616869236679586,0.6677201520164436,13.10105037689209,39.37260818481445,1596.8670654296875,1872.9622802734375
NITROUS CANNON,0.27481227263937535,-0.5720717672522087,27.095977783203125,49.01171112060547,1604.810546875,1899.6827392578125
NNRT,-0.4528877340672093,0.3864226385124246,13.06350040435791,34.88239669799805,1589.09619140625,1878.9095458984375
No Border,-0.7147417065391918,-0.9133736480943291,8.8814115524292,37.15763473510742,1573.13525390625,1796.788330078125
NOIXIA,0.8179723315949124,-1.1379276628117074,23.989795684814453,48.15946960449219,1715.948974609375,2030.10205078125
O/D*20,-1.1919922501995202,0.6700918572843705,5.412954330444336,26.00577735900879,1517.8466796875,1813.662841796875
ONE AND ONLY,-0.3059293804071732,0.24638218499008077,16.73946189880371,43.874053955078125,1556.9571533203125,1861.680908203125
One for All,-0.2501597871861285,0.49336131312490855,17.011064529418945,41.64404296875,1580.70361328125,1873.0794677734375
One More Lovely,0.9133915051646444,0.01393036909111224,33.186981201171875,56.682090759277344,1654.9794921875,1979.5418701171875
one or eight,0.2139876893445287,0.93116854616189,24.446491241455078,49.046348571777344,1593.298583984375,1916.3223876953125
oratio,-0.812544054041413,0.15443883795049757,8.473769187927246,32.47224044799805,1557.9046630859375,1829.7694091796875
ORCA,-0.20987201481677586,-0.7657792218679743,12.76145076751709,39.65666961669922,1614.2091064453125,1907.2451171875
OTENAMI Hurricane,-0.0023783063282191985,0.6096730916328461,24.4664306640625,47.46643829345703,1562.0650634765625,1878.1226806640625
Out of Control,-0.166430067751281,0.15011570047797412,21.765304565429688,46.96537780761719,1546.5283203125,1857.6314697265625
Override,0.4263420876631372,-1.3357086792925335,19.490644454956055,40.240055084228516,1714.914794921875,1978.087158203125
Painful Fate,-0.6881869015124502,-0.10425885370933097,10.515398025512695,36.43130111694336,1562.5028076171875,1816.986328125
Papilio ulysses,0.2946804961830553,1.1549412993026789,24.699920654296875,47.77521896362305,1590.199462890625,1971.6533203125
PARADISE LOST,0.7127308822614856,0.5460905237963765,24.137313842773438,51.210182189941406,1673.7200927734375,2010.302734375
PARANOiA ～HADES～,1.1340424020268025,0.9686888604947108,31.985319137573242,52.74636459350586,1698.8463134765625,2073.70703125
Pārvatī,0.09825934284991854,0.5333873913668243,27.76082420349121,50.168270111083984,1563.1318359375,1859.9742431640625
Peaktime Booster,0.6070929007634811,1.1457619034123148,29.92599868774414,51.40772247314453,1598.076904296875,2014.309326171875
perditus†paradisus,1.0207574878713197,-0.747189266834498,27.506147384643555,53.996761322021484,1705.376953125,2042.59521484375
Persephone,-0.8151886216962552,0.4055185984506431,7.011425495147705,37.29684829711914,1534.1827392578125,1828.0020751953125
Phoenix,-0.27749731702642466,0.6160102303070005,8.655735969543457,32.42744445800781,1657.197021484375,1930.82568359375
Plan 8,1.7488492607414234,1.6444280331570926,37.05783462524414,60.062015533447266,1755.7755126953125,2146.226806640625
PLASMA SOUL NIGHT feat. Nana Takahashi / 709sec.,-0.3019608017419021,-1.4475834998674,11.206403732299805,37.92692565917969,1633.21337890625,1868.52587890625
PLEASE DON'T GO,0.34880615349505023,0.9014823407811416,31.61306381225586,53.080467224121094,1572.2374267578125,1893.4234619140625
POSSESSION,-0.7772814950656607,0.33137372861673936,6.03397798538208,31.80904197692871,1571.31298828125,1859.1431884765625
Primitive Vibes,-0.7004884527742651,0.5073572387128736,16.474990844726562,41.86029815673828,1505.60498046875,1776.7857666015625
Proof of the existence,-0.42127948612610494,-0.7255349322173696,12.418702125549316,36.894142150878906,1604.4193115234375,1854.64306640625
PUNISHER,-0.845337967784584,-0.06852780588635698,8.66905403137207,33.37385940551758,1552.0321044921875,1811.0640869140625
Push on Beats!～音ゲの国のeX-ストリーマー～,-0.07374625129351564,-0.10042443393236838,25.535736083984375,50.05003356933594,1547.043701171875,1827.1676025390625
Purple Perplex,0.03962506925488238,0.8962824956339688,25.29035758972168,45.92464065551758,1559.100830078125,1911.4166259765625
QUANTUM TELEPORTATION,-0.8212624182856354,-0.39047425980908573,9.96532917022705,32.988914489746094,1562.9854736328125,1795.8673095703125
QUANTUM TELEPORTATION†,-0.8790523303227836,-0.6218620703332196,9.605400085449219,32.84455108642578,1559.1688232421875,1779.35791015625
quaver♪,-0.2292664867672038,-0.6312515445260739,13.950555801391602,37.1156120300293,1624.9814453125,1896.34912109375
quell～the seventh slave～,-0.5339935806858015,0.029282927136585757,16.79495620727539,41.498931884765625,1544.676513671875,1796.38818359375
ra'am,0.2981798608504105,0.37666426757372523,22.00948715209961,43.283790588378906,1662.477783203125,1938.0087890625
rage against usual,0.44362114926209006,0.6068704580960428,30.431692123413086,53.27278518676758,1606.9105224609375,1895.1702880859375
RAGE feat.H14 of LEONAIR,1.7178875395372253,1.197354822943824,35.94272994995117,65.23155212402344,1733.4560546875,2121.005126953125
RAIN,-1.2726230557783977,-0.4677441508498199,2.254976511001587,28.270164489746094,1530.1556396484375,1763.8818359375
Rampage,-0.7359523774696223,-0.04040561267287307,2.9210944175720215,33.2686882019043,1585.7188720703125,1873.5343017578125
Raspberry Railgun,-1.1406300849050688,0.2532014564443568,3.819139242172241,33.02189254760742,1523.9075927734375,1768.20166015625
Rave Cannon,-0.9065937383300502,-0.39470260727821727,7.652987480163574,34.92684555053711,1524.718505859375,1818.0982666015625
Rave*it!! Rave*it!!,0.8082010013319527,0.9580179654958368,13.87027645111084,40.289093017578125,1711.1910400390625,2228.331298828125
Rave Patroller,-1.1651427637288465,0.013119792722445733,0.6914896965026855,32.60617446899414,1535.4254150390625,1776.2294921875
RED ZONE,-1.2212842342959105,-0.12151535577591746,1.7336658239364624,31.35214614868164,1514.85595703125,1784.23779296875
RED ZONE†,-1.4474697409838433,0.02556939274862352,-4.37768030166626,29.204334259033203,1511.99462890625,1768.41259765625
Red. by Full Metal Jacket,0.1300688672985657,1.5948600956283676,8.724226951599121,32.1820182800293,1675.6820068359375,2100.96435546875
Red. by Jack Trance,1.0796716124236658,1.3427281161732023,26.70342254638672,49.215885162353516,1711.5418701171875,2122.997802734375
Reflux,0.48593975383730126,1.082918787513285,29.489900588989258,49.21050262451172,1612.7664794921875,1961.544189453125
refrain,-0.7713066269287125,-1.1907784880991397,9.543526649475098,33.821163177490234,1568.863525390625,1806.06396484375
reunion,0.0250793711538618,-0.6990833483809629,27.704069137573242,53.427860260009766,1552.656494140625,1805.5184326171875
REVOLVER,0.05608766094692123,-1.0578149419209595,20.897253036499023,46.7993049621582,1612.3062744140625,1872.796875
Ristaccia,-1.3847634179371084,0.20748848448819057,2.2966361045837402,32.19636535644531,1494.493408203125,1721.816650390625
Roar of Chronos,-0.7548607961612389,-0.6480761045619922,6.817351818084717,33.02943420410156,1579.6405029296875,1834.96337890625
rommmo,-0.5195203231271617,-0.11230323642633414,9.465376853942871,36.16722869873047,1593.1185302734375,1864.5323486328125
ruin of opals,1.0816153663747259,0.6014444263294916,37.3084716796875,61.31163787841797,1648.6739501953125,1975.5068359375
sakura storm,-0.4573316411647226,0.2740378290520441,17.767799377441406,40.502201080322266,1557.2470703125,1814.3392333984375
SAMURAI-Scramble,1.5282821818144983,1.8670130641010176,33.67502975463867,63.068389892578125,1700.7591552734375,2128.98828125
Satellite Burst,0.13138864929350197,-1.2748846285944087,18.313350677490234,41.73807907104492,1657.2071533203125,1922.2342529296875
Saturn,0.2956808232164552,-0.644029150712635,20.79230308532715,47.713130950927734,1653.563232421875,1914.738525390625
SAY BAY,0.191356064122625,0.8231478666869716,16.245861053466797,43.567848205566406,1627.208740234375,2000.3475341796875
Say YEEEAHH,-0.5810370380398999,0.1711084574713602,8.83501148223877,37.37691879272461,1576.4833984375,1854.295166015625
SCREAM SQUAD,1.2619956734183324,0.9998767025961703,26.68522834777832,54.035606384277344,1730.838623046875,2127.58349609375
SCREW // owo // SCREW,1.2926219186007821,1.3952589028372144,31.81049346923828,62.47206497192383,1688.680419921875,2060.498779296875
Secrets,-1.042110085232261,0.6068016295294093,3.530240297317505,35.94765090942383,1519.8594970703125,1792.9112548828125
Sense 2007,-0.43250479057148744,1.1349607411380718,13.891902923583984,42.15642166137695,1537.1634521484375,1881.0960693359375
Session 9-Chronicles-,-0.1754071156203566,0.2195892049683107,23.769432067871094,47.628814697265625,1540.4730224609375,1834.0474853515625
Seven Times Four,-0.3287710709404503,-0.7330106713817243,18.593917846679688,42.61279296875,1565.38427734375,1831.5067138671875
Shooting Fireball,-0.612269854468952,-1.5554522727392355,9.034019470214844,30.54522705078125,1620.7479248046875,1843.05322265625
Sigmund,1.9461867093005538,0.018438469455697715,34.8546028137207,62.95376968383789,1796.472412109375,2169.0927734375
Sigmund†LEGGENDARIA,1.9225635208443588,-0.13936072401369182,38.86553192138672,62.69752502441406,1784.160400390625,2137.0263671875
Silver Bullet,-0.42059093792591884,0.19487143860565442,16.64302635192871,43.333736419677734,1549.6729736328125,1824.68212890625
Sinus Iridum,1.570993952958588,0.39603990455202664,43.46971893310547,75.02354431152344,1655.1356201171875,1984.276123046875
Sirius,-1.1829772105402696,0.049105879816408016,1.5311388969421387,29.945537567138672,1528.56298828125,1798.9425048828125
SISYPHUS,0.5433901686855455,0.7554871487371666,26.199953079223633,50.63382339477539,1628.281005859375,1984.2872314453125
Skratch Education Lv-1,0.6602229319899571,1.159194304001056,26.05411148071289,52.88277816772461,1618.643798828125,2032.6458740234375
Sky High,-0.6526387005186786,-0.9226726275104928,9.237664222717285,31.594127655029297,1605.150634765625,1834.2845458984375
Slipstream,0.38293727105118375,-0.48485835852992093,23.50055694580078,50.17604446411133,1635.8358154296875,1928.647705078125
Smalt #28598F,-0.14026840249657807,-0.4204223347966174,19.53068733215332,44.51234436035156,1571.1942138671875,1882.5142822265625
Smashing Wedge,0.16830272621694814,-0.01658306391034732,16.94207191467285,42.73047637939453,1655.5130615234375,1946.425537109375
Snake Stick,0.8783825318771201,1.6354379538000914,29.59479522705078,54.365325927734375,1647.3536376953125,2038.7076416015625
snow storm,-0.6638255377236505,0.06210367555627394,11.521906852722168,33.41862106323242,1571.8614501953125,1836.680419921875
Sol Cosine Job 2,0.3634853937886739,0.7834852444962037,30.56549072265625,51.989227294921875,1593.6470947265625,1890.088134765625
SOLID STATE SQUAD -RISEN RELIC REMIX-,-0.495231528353876,-0.05600627466397862,12.028665542602539,41.05333709716797,1571.187744140625,1829.2630615234375
SOLID WYVERN,0.23199203193165904,-1.036617527586934,20.02604103088379,39.46159362792969,1679.8958740234375,1942.111572265625
Somnidiscotheque,2.6107101399719292,0.4004529776129333,45.69253921508789,79.37698364257812,1784.511962890625,2211.61083984375
Sounds Of Summer,-0.7944817985930098,-0.06154915477097128,7.867671966552734,31.178377151489258,1568.205078125,1843.1072998046875
SpaceLand☆TOYBOX,-1.1303785986166581,-0.1304508698717045,4.866004467010498,33.37864685058594,1518.2034912109375,1767.0059814453125
SPECIAL SUMMER CAMPAIGN!,-1.4715186404215674,0.20029358679160428,-3.847236394882202,28.665363311767578,1511.6363525390625,1757.6431884765625
spiral galaxy,-0.37579204365524393,0.1246738105259365,7.974638938903809,32.442447662353516,1624.1717529296875,1942.408203125
spiral galaxy†,-0.7382210617375197,-0.2783857177061526,11.173250198364258,33.1733283996582,1567.1817626953125,1814.4920654296875
STARLIGHT DANCEHALL,-0.397929553326677,0.20919533931008405,15.07108211517334,39.283565521240234,1573.372314453125,1860.022216796875
STARLIGHT DANCEHALL†,-0.33876991055685973,0.24309016252563573,15.469646453857422,40.49229431152344,1576.2337646484375,1866.483154296875
STEEL NEEDLE,0.053077313904218076,1.224799629329587,14.539542198181152,39.49386215209961,1624.9674072265625,2000.36767578125
Stereo Beasts,-1.1412918670415926,-0.2506740693261289,3.335458993911743,31.205049514770508,1539.9852294921875,1767.8626708984375
StrayedCatz,0.2569005745213484,0.814025780456435,17.167781829833984,47.45293045043945,1631.9207763671875,1971.70703125
STULTI,-0.17106963602323422,0.6314234127413494,16.111923217773438,39.670650482177734,1610.8070068359375,1895.417236328125
SμG@R RU$#,2.7966170713490275,0.39491087532358626,44.62583923339844,74.5734634399414,1817.781005859375,2313.84130859375
Summerlights(IIDX Edition),-0.6429713026899045,0.6132420264770222,10.482882499694824,37.4517936706543,1567.2135009765625,1820.4791259765625
Super Freak,-0.38864125558372276,0.06761618572401265,18.371479034423828,44.13951110839844,1543.430419921875,1822.5721435546875
Super Rush,-0.6017350651246608,0.17658128193497322,3.6015172004699707,30.97324562072754,1626.306396484375,1892.7193603515625
suspicions,-0.11525045270098637,-0.8838548701755959,18.305339813232422,40.45077896118164,1625.642578125,1866.9564208984375
Sword of Vengeance,-0.6864921185090033,0.8835908499535837,9.135896682739258,38.32229232788086,1550.040283203125,1831.22314453125
Symmetry,-1.613611411621915,-0.4552983871190579,-1.422376275062561,24.94475555419922,1493.5419921875,1732.7198486328125
SYNC-ANTHEM,-1.0170907527466626,-0.49431466286918996,1.9942653179168701,30.90983009338379,1563.89599609375,1807.9102783203125
T-REX vs Velociraptor (In the Far east euphoria),-0.1942870437249279,0.11442289330656663,13.252069473266602,38.07950210571289,1618.7418212890625,1919.8916015625
TECHNO Style Essentials,-0.4366101810530142,0.0700363482920904,12.451602935791016,37.67847442626953,1592.8560791015625,1856.395751953125
TECHNOPHOBIA,0.6006166725136058,-0.09693385079655424,25.00017738342285,50.63179016113281,1676.3408203125,1949.0943603515625
THANK YOU FOR PLAYING,-0.38830236745321434,0.7216414822457711,14.940040588378906,41.661190032958984,1559.5322265625,1861.52685546875
THANK YOU FOR PLAYING†,-0.14196454040735187,-0.5586169379158243,21.088167190551758,43.957000732421875,1592.990478515625,1836.85205078125
THE BRAVE MUST DIE,-0.07649097702893626,-0.4791289946932261,17.39283561706543,38.797447204589844,1627.2518310546875,1911.2718505859375
The Chase,1.6828028713274565,1.954139767519898,33.654178619384766,56.322715759277344,1753.0289306640625,2196.43994140625
The Clown of 24stairs,0.9619907077566378,-0.7390373167027808,27.42100715637207,48.84001159667969,1735.099853515625,2025.4052734375
THE DAY OF JUBILATIONS,-0.6400435880806136,-0.39939717798163993,13.199639320373535,39.66389465332031,1539.3267822265625,1812.270751953125
THE DEEP STRIKER,-1.214905994651338,0.3568892757057903,5.99103307723999,34.74851989746094,1487.3402099609375,1747.51220703125
THE DEEP STRIKER†,-0.28811744196739647,-0.9371302572127093,20.21036720275879,43.31263732910156,1567.8526611328125,1822.253662109375
THE F∀UST,0.4757851108494791,-1.1684414848975182,21.001081466674805,45.230812072753906,1675.4000244140625,1992.8001708984375
The Last Apocalypse,-0.4773685849882211,0.06951969864622114,13.0778169631958,39.1557502746582,1555.85107421875,1871.90869140625
The Least 100sec,0.07599157761431366,0.3418690464053963,23.60756492614746,46.861270904541016,1585.8944091796875,1894.3953857421875
The Limbo,-0.21563225259721996,-0.08308142820626037,17.055076599121094,40.06293869018555,1598.936279296875,1878.1220703125
The Onlyonez,-0.8239036878667036,0.5484431743638997,5.7524871826171875,32.28874969482422,1562.4554443359375,1848.224365234375
THE PEERLESS UNDER HEAVEN,2.296206243234296,0.9004012425782146,39.64607620239258,67.19062042236328,1799.942626953125,2234.841796875
The Rebellion of Sequencer,0.8744596288294696,-0.23578921512741619,32.35641860961914,56.28549575805664,1663.248779296875,1960.9417724609375
The Sampling Paradise,-0.2935222054161697,0.5827950061640048,16.167877197265625,41.412872314453125,1562.22216796875,1892.7938232421875
Thor's Hammer,2.294877491661188,1.2708491648786233,42.105918884277344,70.40949249267578,1773.15771484375,2214.41796875
Thunderbolt,-1.8170835528061162,0.2978320314022337,-12.697976112365723,17.76520347595215,1523.420166015625,1787.30029296875
TIEFSEE,-0.9283663498252614,-1.1957086139155138,7.770233631134033,29.379045486450195,1569.239013671875,1797.667724609375
Tiempo Loco,-0.17840800025504883,-0.8757368287064708,11.759800910949707,34.538902282714844,1649.2542724609375,1934.70849609375
Time to Air,-0.5131147933104213,0.31637226082200304,18.773025512695312,42.62668228149414,1531.3232421875,1793.8865966796875
Timepiece phase II,0.07725900476202194,-0.4888683622468818,19.7540340423584,42.8257942199707,1630.1927490234375,1911.1434326171875
Timepiece phase II(CN Ver.),0.6073471326137533,-0.23626331316899216,29.92106819152832,56.820194244384766,1631.8699951171875,1901.203369140625
Todestrieb,-1.3760477424427107,-0.36676975001146345,-0.6067264676094055,23.68878746032715,1542.7559814453125,1775.36083984375
TOMAHAWK,1.3608677358552506,1.212862441502157,33.05937957763672,58.163726806640625,1701.00439453125,2108.53955078125
TOXIC VIBRATION,-0.09882629206651142,-0.811259959498817,20.264183044433594,42.90842819213867,1602.1011962890625,1863.811767578125
TRANOID,1.1344061429297756,0.43774394226074637,30.28848648071289,50.261478424072266,1732.838134765625,2066.00927734375
Trill auf G,-0.25555968552012726,-0.9104290659254273,22.550003051757812,42.86158752441406,1578.1083984375,1801.8416748046875
Triple Counter,-0.5737176946725452,-0.2456007844668074,7.092311859130859,34.11245346069336,1617.6859130859375,1847.7362060546875
Triple Cross,-0.7921319758450243,-0.013532540292080064,5.404744625091553,32.74275588989258,1576.4315185546875,1840.259765625
TRIUMPH,-0.37484009892614456,0.4218416701184475,14.535248756408691,38.625946044921875,1574.2239990234375,1882.87744140625
TROOPERS,-0.6564274707431167,1.1241192206410573,9.720443725585938,33.683021545410156,1558.2728271484375,1878.0023193359375
True Blue,-1.5619713218124305,-1.0039615199097007,0.1439674347639084,22.509300231933594,1516.84228515625,1731.26025390625
Twelfth Style,0.4004516660477211,-0.1274162459300932,21.177579879760742,45.913116455078125,1662.2244873046875,1967.6461181640625
Twelfth Style†,0.5100844053059259,-0.1334861473168498,20.738998413085938,44.85847473144531,1683.6407470703125,2003.3463134765625
u gotta beat,-0.5688795731794871,0.65560986247702,13.418069839477539,36.15691375732422,1555.2437744140625,1858.1900634765625
Uaigh Gealaí,-0.05013475168916813,-1.2650653756665873,20.027164459228516,40.23575210571289,1628.20703125,1878.4122314453125
Unbelief,0.2992330602651254,0.42852056600842514,27.62500762939453,53.62744140625,1591.194091796875,1876.118896484375
Valanga,-1.0996455923211472,-0.12051800856715805,0.7461338043212891,28.517057418823242,1563.6942138671875,1808.1463623046875
VANESSA,-0.4602020744037232,0.1145709984507326,19.422590255737305,41.26398849487305,1541.1519775390625,1812.1773681640625
VANESSA†,0.24597769492296995,-1.014469943380586,25.541908264160156,52.10346984863281,1615.4940185546875,1851.2138671875
Venom,-0.7943423846466106,-0.10682179172344658,7.196761131286621,34.97188949584961,1552.392333984375,1833.197265625
Verflucht,0.6228990026817668,-0.9620029638313279,20.992191314697266,37.92749786376953,1752.8846435546875,2022.98486328125
Verflucht†LEGGENDARIA,0.8391309613459027,-1.2341238368825518,22.755781173706055,41.26044845581055,1764.36865234375,2053.7373046875
Vermilion Carol,-0.46980503299084675,-1.057678583026446,12.31972599029541,35.06576919555664,1603.238525390625,1854.35009765625
Vinculum stellarum,-0.9558240019593442,-1.0217026139069492,8.199350357055664,34.65914535522461,1547.1123046875,1756.1044921875
Violet Pulse,-0.015081733886572895,0.14869769603018979,16.091955184936523,42.66207504272461,1630.1650390625,1907.4532470703125
Viridian,-0.8389549252555217,-0.9799161851359702,8.116167068481445,34.588436126708984,1558.693603515625,1796.0960693359375
Visterhv,-0.9174906382462223,-0.207984913166799,0.5145843029022217,26.846847534179688,1604.6527099609375,1852.7659912109375
Vitrum,-0.29114461523254015,-0.33821204699007534,19.74231719970703,46.366153717041016,1543.4586181640625,1830.372802734375
VØID,1.2237636652102457,0.01685174222036484,35.782188415527344,59.011871337890625,1682.434814453125,2032.92724609375
VOLAQUAS,0.04317980188024927,-0.7860562505045711,18.036914825439453,41.144039154052734,1642.697265625,1911.9473876953125
voltississimo,0.5015778976360178,-0.2756593645926505,22.67867088317871,44.403934478759766,1666.5570068359375,2010.4581298828125
VOX UP,1.0561807179641947,0.0339234524619344,29.415252685546875,51.866939544677734,1701.0517578125,2069.76953125
Watch Out Pt.2,0.33285508003508724,1.383292842774694,21.628524780273438,50.50060272216797,1606.889892578125,1966.4365234375
waxing and wanding,-0.7168126567321719,-0.4524465124565231,-3.610100269317627,26.8721923828125,1654.900634765625,1914.525634765625
waxing and wanding†,-0.6780685658703549,-0.20221740951668962,-2.8248283863067627,26.476476669311523,1665.594970703125,1912.41943359375
We're so Happy(P*Light Remix) IIDX ver.,-0.5867872458890969,-0.05758188548090924,4.674798488616943,35.849212646484375,1597.3924560546875,1879.974609375
Without Heaven,0.04924160736623614,-0.24814893457946943,19.067655563354492,44.11054611206055,1621.6806640625,1904.0860595703125
WONDER WALKER,-1.074238806432617,-0.7482208862547592,0.7054511308670044,27.863391876220703,1567.7840576171875,1821.6829833984375
X,-0.747068693462235,-1.4548267939226505,5.853155136108398,30.29701805114746,1607.724609375,1835.0849609375
Xb10r,-0.052817983355951156,-0.7341263993080692,24.478879928588867,44.666114807128906,1587.1396484375,1845.113037109375
XHRONOXAPSULΞ,2.7292307964621263,0.0778051831843718,47.1783332824707,77.31661987304688,1807.918701171875,2239.05810546875
Xperanza,0.17629665741596473,1.7719793735334926,19.683591842651367,44.20012664794922,1611.299072265625,1974.3699951171875
Y&Co. is dead or alive,1.6628244632961557,0.8444495263713077,42.37287521362305,74.75516510009766,1683.1298828125,1999.3095703125
YAKSHA,-0.33175722830959864,-1.408416462695082,15.830206871032715,37.614036560058594,1609.1986083984375,1845.9912109375
yellow head joe,-0.5286488357874923,0.4701374531440432,13.614158630371094,35.8282356262207,1570.4783935546875,1855.2030029296875
Ypsilon,-0.9461351588675335,-1.2613633506434199,7.205479621887207,32.227317810058594,1554.5540771484375,1786.6597900390625
ZEPHYRANTHES,0.03061725717779465,-1.332929436944804,20.826467514038086,45.17910385131836,1622.2049560546875,1863.5926513671875
Zirkfied,0.5016629197453757,-0.8266865844130994,25.96119499206543,48.58127212524414,1657.073486328125,1944.028076171875
ZZ,-1.2746529940683495,-0.1141507196655297,-0.7135598063468933,24.925552368164062,1557.05517578125,1789.3316650390625
1116,0.18949029290581898,-0.06736386552419679,19.168209075927734,42.639827728271484,1644.736572265625,1950.8726806640625
199024club -Re:BounceKiller-,1.6358496713906854,1.974793418547858,32.56664276123047,51.444664001464844,1770.4781494140625,2211.936279296875
2 Beasts Unchained,0.8539301860746951,0.6192199693660999,30.532522201538086,53.56924819946289,1654.942138671875,2013.7164306640625
24h Endurance Race,0.04294414809799056,-0.1067613824418426,25.212997436523438,49.887176513671875,1565.6009521484375,1859.6614990234375
255,1.0175476219697774,0.760232567008575,32.93207550048828,53.30307388305664,1665.374267578125,2053.774658203125
3y3s,0.7892395723703295,0.4271597361860293,26.873411178588867,49.39677047729492,1689.4210205078125,2013.4539794921875
紫陽花 -AZISAI-,-0.5120283494490825,0.2877531258837643,13.461699485778809,41.110408782958984,1541.9547119140625,1851.251220703125
アストライアの双皿,-0.3270521929873653,0.522227347716094,21.22406005859375,46.12103271484375,1532.750244140625,1816.74658203125
天邪鬼,-0.7962398035441176,-0.7254857677700199,8.619840621948242,33.76871109008789,1559.2025146484375,1819.6766357421875
アラビアン ハイパー ナイト,-0.7682681280389527,-0.8306694609749388,11.70809555053711,36.658203125,1547.6513671875,1786.362548828125
イザナミノナゲキ,-1.2829514345262338,-0.27467295108920214,-1.2165061235427856,28.468860626220703,1550.1591796875,1762.263916015625
栄冠のカンパネラ,0.5646908763783466,-0.9611461011540268,22.804201126098633,43.99821090698242,1721.7728271484375,1957.146240234375
駅猫のワルツ,1.6525300061882693,0.07182928033495767,43.701019287109375,75.07418060302734,1674.8177490234375,1989.6905517578125
ΕΛΠΙΣ,-1.0008811571227694,-0.2082936875795917,9.119733810424805,31.109813690185547,1539.5877685546875,1775.676513671875
焔極OVERKILL,1.025587369948229,-0.2247055072218403,31.69083023071289,52.785823822021484,1699.1700439453125,2023.4100341796875
Ōu Legends,-0.6706822217731127,0.167591162359559,12.830352783203125,38.66099166870117,1538.39892578125,1813.972412109375
お米の美味しい炊き方、そしてお米を食べることによるその効果。,0.46724963535814434,0.6990008613079838,20.670625686645508,42.181861877441406,1684.94189453125,2010.976318359375
音楽,2.1776204013668417,1.6380842038017105,35.2665901184082,57.42947769165039,1810.16650390625,2316.396240234375
仮想空間の旅人たち,-0.9415952005933972,-0.6340849464160968,1.1291521787643433,29.1231689453125,1592.4609375,1828.498046875
仮想空間の旅人たち†,-0.9424138983203698,-0.778965291772183,-0.1991928517818451,28.43158531188965,1603.52294921875,1832.5379638671875
華蝶風雪,-1.1542557034971963,-0.22180333529995486,-0.7825222015380859,20.428686141967773,1587.160888671875,1850.7711181640625
がっつり陰キャ!?怪盗いいんちょの億劫^^;,0.3840835169161424,-1.2866996825770123,22.894540786743164,43.58620834350586,1676.02392578125,1945.4266357421875
#CMFLG,-0.49873961718243415,-0.14895726327759085,11.846050262451172,40.156917572021484,1567.8704833984375,1844.6864013671875
華麗なる大犬円舞曲,0.9510602969402082,0.05288723424469399,33.85525131225586,56.3336296081543,1652.9041748046875,1997.7666015625
君のハートにロックオン,1.255781397473557,-0.2181105057056098,32.06105041503906,57.14271926879883,1694.14501953125,2090.478271484375
九尾狐夜行,-0.582625104530254,0.36060930821480275,12.251712799072266,39.142250061035156,1554.19775390625,1832.5460205078125
共鳴遊戯の華,-0.03547131071475296,-1.2204480671619975,20.264060974121094,46.28611755371094,1606.1697998046875,1850.609130859375
狂イ咲ケ焔ノ華,0.5074855735035803,0.05796049662138114,26.860027313232422,49.456016540527344,1633.2410888671875,1965.096435546875
黒髪乱れし修羅となりて,-0.9384226065365754,-0.2635555105855146,8.97819995880127,34.94194412231445,1516.435791015625,1801.4110107421875
恋する☆宇宙戦争っ!!,-0.26155527320605354,0.4134370744022211,18.680789947509766,44.17605209350586,1564.70556640625,1846.8466796875
子供の落書き帳,-0.012347199841013706,0.6930665280114028,14.68899917602539,37.898067474365234,1623.566162109375,1987.0072021484375
今宵、ロマンス横丁。,-0.27777647022778357,-0.6120434210180344,14.808520317077637,38.82958984375,1599.9404296875,1884.1524658203125
金野火織の金色提言,0.561355781184688,0.7491935061127353,30.688398361206055,56.59963607788086,1609.08203125,1909.0980224609375
最小三倍完全数,1.4183688766690903,0.32349083833265796,33.75516128540039,57.4074821472168,1736.0390625,2082.107666015625
桜,1.008261776309852,1.314436972085389,32.04067611694336,55.23117446899414,1650.2088623046875,2061.32666015625
#The_Relentless,0.4190929676035351,-0.8257690435923911,22.026626586914062,45.425437927246094,1673.525390625,1955.19140625
残像ニ繋ガレタ追憶ノHIDEAWAY,-1.8885055441513474,-0.8071299020716516,-9.4774751663208,19.454147338867188,1495.4486083984375,1743.6536865234375
疾風迅雷,1.8470004148820056,0.35169935527801277,28.48773956298828,51.85923385620117,1842.1839599609375,2240.14208984375
疾風迅雷†LEGGENDARIA,1.2172752857070717,-0.3989939705617921,38.42425537109375,64.01213836669922,1664.03271484375,1975.091064453125
シムルグの目醒め,0.9510353131797221,-0.47540053273345906,29.732948303222656,54.59977722167969,1693.636474609375,1996.857177734375
〆,-0.29637541131392026,0.164414098496112,15.268253326416016,40.198978424072266,1585.15673828125,1878.347412109375
灼熱 Pt.2 Long Train Running,1.5696281809403057,1.6603202193017461,36.01048278808594,54.54816818237305,1753.7215576171875,2135.057373046875
灼熱Beach Side Bunny,1.9598762662010794,1.4694752802082447,40.6595458984375,62.27873611450195,1759.51806640625,2179.3896484375
灼熱Beach Side Bunny(かめりあ's \ Remix),0.9613439971273352,1.6786342370207603,31.203510284423828,56.10752868652344,1650.0819091796875,2038.046875
灼熱 Lost Summer Dayz,1.6772312261496811,1.673039900284678,32.83799362182617,58.47745132446289,1750.2745361328125,2182.912841796875
終焔のClaudia,-0.5585670492904192,0.46852543303995253,14.23498821258545,37.42243957519531,1563.33251953125,1827.66650390625
シュレーディンガーの猫,-1.0757731091716711,-0.2446650648671993,5.663463115692139,28.302976608276367,1553.36328125,1785.7908935546875
少年A,0.5256357554746152,0.8467573255996295,23.988372802734375,48.97849655151367,1636.196533203125,2005.218017578125
少年は空を辿る,0.12742887680665385,0.3837892220093765,20.42972183227539,44.472511291503906,1628.6839599609375,1912.320556640625
深淵に捧ぐレクイエム,-1.0648913412434389,-0.34658248932895286,8.482438087463379,33.46862030029297,1520.876708984375,1754.8343505859375
神謳 -RESONANCE-,-0.6214199264754569,-1.6457318134418581,7.1755452156066895,30.202571868896484,1621.1556396484375,1861.6488037109375
水鏡の異界,0.8326217704845296,0.3841986606829425,29.457420349121094,55.43247985839844,1644.3577880859375,2010.9124755859375
スキッテイエェエエェ!!!!,0.450715109005731,-0.9722083843875389,23.49815559387207,45.96809005737305,1683.3861083984375,1933.208984375
スパークリング☆彡ハイパーチューン！！,-1.3254852010470368,0.1635310786758497,-1.0193841457366943,31.632381439208984,1519.3353271484375,1753.0626220703125
聖人の塔,0.3147445702156554,0.07163772890132925,27.70439338684082,49.91498565673828,1612.2005615234375,1890.843994140625
世界の果てに約束の凱歌を -ReUnion-,0.5772869024888334,-0.8316395949021658,21.799365997314453,44.25800323486328,1704.11279296875,1998.935791015625
雪月花,-0.13270363158897686,0.8993710946888962,23.779682159423828,47.567501068115234,1548.140869140625,1843.2039794921875
雪上断火,1.7693102886317713,1.6919859713763907,30.149965286254883,59.07501220703125,1805.8221435546875,2162.049560546875
千年ノ理,-1.6033245063007597,-0.2281535091559544,-4.681560039520264,23.86350440979004,1510.5379638671875,1757.7457275390625
旋律のドグマ～Misérables～,-0.901684873768789,-0.6734141955831239,8.96763801574707,34.09669494628906,1539.3408203125,1792.5826416015625
ぞうしょく！？マイデンティティ,-0.3337790046665255,-0.1289269750521571,14.159214973449707,40.3934211730957,1591.4322509765625,1860.051513671875
即席！脳直★ミュージックシステム,-0.7455308599649919,0.1844802857484964,11.482966423034668,39.0053825378418,1537.2388916015625,1790.1546630859375
それは花火のような恋,-0.6924029058947769,-0.7941015310946382,11.35892391204834,37.630859375,1550.8648681640625,1810.96630859375
∀,-0.060072636398991255,-1.171531996687796,17.411779403686523,40.19852066040039,1628.857666015625,1900.9478759765625
抱きしめてモナムール,-0.4117144182050275,-0.7244255941475306,14.26314640045166,38.07197570800781,1586.9490966796875,1854.0263671875
たまゆら,-0.8221181935774333,-0.23732414442882485,4.683245658874512,30.229001998901367,1591.454345703125,1837.6597900390625
超青少年ノ為ノ超多幸ナ超古典的超舞曲,0.6351467893437308,-0.31715365660217754,26.506851196289062,48.88542556762695,1665.693115234375,1985.8499755859375
超青少年ノ為ノ超多幸ナ超古典的超舞曲†,0.6728034338542546,-0.2665062139581565,26.506851196289062,48.88542556762695,1685.3863525390625,1973.0413818359375
津軽雪,0.3992623517069568,-0.8849767929057695,20.402437210083008,40.83500671386719,1686.2945556640625,1993.7391357421875
ディスコルディア,3.1089258862988514,1.9687400757978963,44.09569549560547,70.52359771728516,1904.668212890625,2378.6611328125
天空の夜明け,0.6246410164549936,-0.2758989147117653,19.82500457763672,41.989097595214844,1732.099365234375,2024.019287109375
電光,0.12258558146090942,0.6836365810864182,29.040306091308594,49.7393798828125,1556.7655029296875,1872.8612060546875
天使のカンタータ -Cantata of Angels-,1.0811110923765095,-0.9888380131793054,22.96600914001465,48.640960693359375,1761.31640625,2091.579833984375
電人、暁に斃れる。,-0.6634652144581031,-0.2189500490485467,13.448391914367676,40.872318267822266,1522.32080078125,1811.674072265625
電腦都市,-0.13408820452645967,0.2555448612818952,16.462472915649414,41.14792251586914,1601.474853515625,1907.8948974609375
東京神話,0.5984280316489261,0.15927804844421262,31.444927215576172,51.162635803222656,1634.7255859375,1938.838134765625
童話回廊,1.15453234971748,0.13729484839290534,29.07889175415039,54.60753631591797,1713.701904296875,2070.642333984375
轟け！恋のビーンボール！！,-0.053918950995393164,-0.7727417911116359,21.890396118164062,42.43017578125,1604.949951171875,1868.97900390625
トリカゴノ鳳凰,-0.9010917852599752,-0.30743866641950574,8.306092262268066,35.25719451904297,1529.0294189453125,1803.322265625
IX,1.0541213062602424,-0.6455746367795419,28.73167610168457,47.32152557373047,1738.781005859375,2067.0283203125
†渚の小悪魔ラヴリィ～レイディオ†(IIDX EDIT),-0.2877065677296352,-0.5276308549185221,14.29023265838623,41.36313247680664,1592.585205078125,1868.3809814453125
嘆きの樹,0.6155844661018334,-0.6787669604620925,19.53561019897461,43.03666305541992,1733.1279296875,2009.4906005859375
夏色DIARY - L.E.D.-G STYLE MIX -,-0.4502568113795157,0.060926494978082474,17.517227172851562,43.5694694519043,1539.5478515625,1814.3199462890625
廿,0.8393129796635898,0.9502179118568941,30.07009506225586,53.14516067504883,1653.010009765625,2019.33251953125
廿†,0.7098130234870843,0.7562511061711855,30.07009506225586,53.14516067504883,1629.7064208984375,1993.37451171875
ハイテックトキオ,-0.8890191806279666,0.048884707468886374,12.274332046508789,38.4588508605957,1508.9989013671875,1762.806640625
儚キ戀ノ幻想譚,-0.8094649610889593,-0.4372358124920816,4.943098068237305,32.19476318359375,1577.9976806640625,1840.413818359375
伐折羅-vajra-,-0.19068896153653808,-1.4373443286949008,16.17040252685547,38.89243698120117,1622.5743408203125,1875.3807373046875
刃図羅,-1.1120640149691892,-0.34705831798152614,3.0369856357574463,30.43170166015625,1537.1204833984375,1798.292236328125
ピアノ協奏曲第１番\,0.729027230290257,0.7995146075959119,40.86555099487305,58.25686264038086,1599.5853271484375,1878.052734375
ピアノ協奏曲第１番\ (BlackY Remix),0.2484798981896273,-1.1333323590161488,21.94660186767578,45.829559326171875,1646.7073974609375,1911.2451171875
ピアノ独奏無言歌 \,0.9306260792568581,0.5874684685228332,33.30841064453125,60.7568359375,1638.80908203125,1966.88134765625
卑弥呼,2.2855923999005316,0.5573819586957086,37.93375015258789,62.942623138427734,1830.1622314453125,2247.493896484375
二人ノ廃城幽踊宴,0.38216273805906986,0.9722418224504061,27.596885681152344,56.01222229003906,1596.1439208984375,1882.313232421875
不沈艦CANDY,-0.31256048301206213,-0.277327525769664,14.073934555053711,34.839202880859375,1616.6593017578125,1893.072998046875
《PL|RAYER》,-1.1963729207010623,0.42392146692670724,0.6028669476509094,32.603023529052734,1523.0352783203125,1781.62158203125
紅牡丹,-1.5398616516159302,0.5378042238712546,-1.4466946125030518,26.566186904907227,1495.248291015625,1748.00732421875
烽火連天の刃,0.7355718241790822,-0.7413118056279395,23.19410514831543,42.69083023071289,1731.051513671875,2035.568359375
-65℃,0.1984081630650485,-0.9821158842029494,18.437637329101562,40.58291244506836,1668.528564453125,1948.314697265625
#MAGiCVLGiRL_TRVP_B3VTZ,0.17265887698702856,0.4654418346182186,22.275375366210938,44.8708610534668,1614.3599853515625,1932.6405029296875
魔法のかくれんぼ,0.45753124322107563,0.6424612927822153,29.77277946472168,50.13422393798828,1617.3193359375,1927.349853515625
未完成ノ蒸氣驅動乙女,0.021117613803666724,-0.2880104763188644,22.570608139038086,47.37068176269531,1599.8253173828125,1851.314697265625
禊,-0.11331548096876716,-0.2400449212257181,19.775110244750977,45.69502639770508,1572.9981689453125,1876.9888916015625
ミラージュ･レジデンス,-0.8645693397660689,0.37554839962286324,4.630630016326904,32.33721923828125,1548.4615478515625,1862.049560546875
魅惑のYUMMYスイーツ,0.22580904119841352,0.4874583602713519,27.11501121520996,49.10476303100586,1591.51513671875,1895.6807861328125
冥,2.745895474754047,1.013070929443133,41.164119720458984,60.590274810791016,1891.1796875,2365.694580078125
めいさいアイドル☆あいむちゃん♪,-1.1445398010053753,-0.31653077990680945,3.6307246685028076,33.65576171875,1519.373046875,1768.4400634765625
龍王の霊廟(Mausoleum Of The Primal Dragon),-1.062281985356675,-0.7811270361115329,6.537989616394043,34.085914611816406,1514.0745849609375,1780.7578125
龍と少女とデコヒーレンス,-0.7646249809605539,-0.6821204506435271,12.07114315032959,33.72218322753906,1552.0592041015625,1809.85888671875
龍と少女とデコヒーレンス†,-0.7680663299085517,-0.7162854882568264,11.636564254760742,33.990882873535156,1552.0592041015625,1809.85888671875
リリーゼと炎龍レーヴァテイン,-0.9471249949153506,-0.049230785580527126,2.6737451553344727,29.712312698364258,1578.27001953125,1825.140625
恋愛=精度×認識力,2.7464393146649813,0.8421611498485325,42.12451171875,69.82927703857422,1819.0648193359375,2366.882080078125
煉獄のエルフェリア,0.4461460691222417,-1.1871850018509267,20.412616729736328,40.59431838989258,1712.3092041015625,1977.994873046875
惑星鉄道,2.2159211486247514,0.6700821277308158,41.531009674072266,82.97820281982422,1734.760009765625,2103.471923828125
海神,-0.7120380824856303,-0.22960739972752364,8.54328727722168,33.11279296875,1558.4871826171875,1869.654052734375
ワルツ第17番 ト短調\,0.707051783099794,0.692601601813917,29.604286193847656,50.74946212768555,1655.1033935546875,1983.5606689453125
