title,filename,difficulty,total_notes,duration,peak_density,mean_density,peak_scratch_density,bpm_min,bpm_max,bpm_ratio,rand,doji,kdan,tril,tate,sara,cnbs,total,notes,oabmb,cpi_easy,cpi_clear,cpi_hard,cpi_exhard,cpi_fc
AIR RAID FROM THA UNDAGROUND,airraid,A,1502,118.75,21.0,13.6422,1.0,180.0,180.0,1.0,71.8,49.2,58.7,97.1,134.3,2.4,0.0,413.5,1502,1151.0,1619.34,1655.68,1663.37,1931.75,2332.64
ALBA-黎明-,alba,A,1670,122.91,20.4,13.4764,2.0,165.0,165.0,1.0,56.2,69.0,49.2,6.7,16.7,5.8,46.8,250.4,1614,1207.0,1558.43,1635.96,1671.74,1973.22,2627.44
Amazing Mirage,amazingm,A,1682,114.61,20.8,14.5096,4.2,153.0,153.0,1.0,67.5,59.8,62.8,25.2,54.8,16.9,3.1,290.1,1678,1239.0,1431.01,1525.58,1572.92,1857.44,2438.67
Anisakis-somatic mutation type \-,anisakis,A,1341,132.32,17.2,10.0541,2.4,185.0,185.0,1.0,42.2,52.0,34.5,5.3,11.5,5.9,0.0,151.4,1341,1070.5,1646.54,1694.12,1707.67,1963.10,2457.78
Arabian Rave Night,arabian,A,1459,118.75,16.8,12.1479,1.6,180.0,180.0,1.0,65.5,42.6,46.8,9.8,18.8,3.4,0.0,186.9,1459,1129.5,1424.07,1523.73,1573.60,1863.67,2448.17
B4U(BEMANI FOR YOU MIX),bemani4u,A,1669,120.0,19.0,13.7124,2.2,170.0,170.0,1.0,65.5,62.5,46.3,6.1,28.1,9.5,0.0,218.0,1669,1234.5,1620.04,1676.62,1700.04,1961.45,2480.22
Be quiet,bequiet,A,1116,113.7,17.2,9.6912,2.4,150.0,150.0,1.0,43.3,37.6,39.8,10.3,45.1,8.9,3.1,188.1,1115,957.5,1540.38,1651.77,1695.39,2048.81,2597.28
Blue Rain,bluerain,A,1149,110.1,19.2,10.3891,1.8,144.0,144.0,1.0,73.4,43.1,65.4,9.9,25.7,3.1,0.0,220.6,1149,974.5,1602.99,1635.98,1647.20,1858.22,2189.70
Bow shock!!,bowshock,A,2176,125.09,25.2,17.2603,1.8,165.0,165.0,1.0,83.0,85.1,87.0,28.3,39.8,4.0,17.0,344.2,2159,1479.5,1653.33,1691.77,1705.56,1953.62,2529.70
BroGamer,brogamer,A,1568,127.61,19.8,12.1797,3.8,207.0,207.0,1.0,8.0,60.7,7.6,4.4,7.9,24.4,0.0,113.0,1568,1184.0,1649.69,1715.45,1742.32,2085.66,2710.16
Burning Flame,brnflame,A,1938,114.91,21.4,16.7496,6.6,165.0,165.0,1.0,81.4,60.4,79.2,18.2,28.2,16.9,0.0,284.3,1938,1369.0,1450.63,1542.46,1593.38,1909.19,2486.00
Caldwell 99,caldwl99,A,1776,121.69,19.2,14.6529,5.8,142.0,142.0,1.0,77.6,54.5,64.6,9.8,25.1,29.8,31.6,293.0,1734,1267.0,1335.32,1514.66,1605.57,1965.09,2590.63
CaptivAte～浄化～,captive,A,1155,127.59,15.0,9.0189,2.0,160.0,160.0,1.0,26.1,55.3,22.5,9.7,20.1,10.4,0.0,144.1,1155,977.5,1520.11,1560.41,1573.92,1807.89,2281.19
ChaserXX,chaserxx,A,1505,123.43,16.6,12.0742,2.2,140.0,140.0,1.0,81.6,41.6,78.1,15.1,45.2,8.1,11.2,280.9,1479,1139.5,1617.80,1690.10,1706.62,2044.98,2753.28
CHRONO DIVER -NORNIR-,chrono_n,A,2065,118.14,23.0,17.2622,4.2,185.0,185.0,1.0,57.0,92.0,60.7,40.4,46.3,5.0,3.7,305.1,2061,1430.5,1645.72,1688.56,1701.57,1980.11,2694.20
CODE:Ø,code_0,A,1829,120.96,24.2,15.1613,7.8,125.0,125.0,1.0,90.6,41.9,74.7,18.1,60.0,36.5,0.0,321.8,1829,1314.5,1644.94,1706.25,1720.06,2177.70,2822.26
CONTRACT,contract,A,1329,102.75,25.4,14.2152,2.4,180.0,180.0,1.0,72.5,53.5,69.1,23.6,44.6,6.0,0.0,269.3,1329,1064.5,1669.21,1697.88,1701.00,1963.90,2524.22
Cosmic Cat,cosmicat,A,1651,121.5,21.8,13.4443,2.8,160.0,160.0,1.0,60.2,85.3,58.4,16.4,23.9,6.7,10.9,261.8,1641,1220.5,1469.64,1544.37,1573.46,1833.54,2325.65
four pieces of heaven,fourpces,A,1137,149.82,19.0,7.9662,2.8,120.0,195.0,1.625,62.5,27.7,62.3,9.0,15.9,9.5,0.0,186.9,1137,968.5,1582.15,1683.32,1734.99,1985.67,2394.81
Ganymede,ganymede,A,1199,125.47,17.8,9.5048,1.0,72.0,120.0,1.6667,73.6,44.0,72.0,87.4,120.0,3.9,0.0,400.9,1199,999.5,1555.98,1641.26,1668.49,1953.07,2459.22
HYENA,hyena,A,1470,117.39,17.4,12.3847,5.4,178.0,178.0,1.0,56.6,39.7,42.5,22.4,42.0,10.1,40.4,253.7,1418,1109.0,1654.32,1688.51,1697.69,1985.13,2593.92
Illegal Function Call,illegal,A,1379,121.85,17.2,11.2885,1.2,260.0,260.0,1.0,90.7,15.1,78.6,24.1,38.2,4.4,0.0,251.1,1379,1089.5,1846.97,1925.39,1936.39,2383.32,3195.74
KAMAITACHI,kmitachi,A,1368,113.55,18.4,11.9246,2.4,165.0,165.0,1.0,84.9,24.3,56.7,8.3,24.9,5.9,0.0,205.0,1368,1084.0,1807.79,1865.75,1882.78,2182.89,2778.08
KING,king,A,1981,130.12,18.8,15.113,2.4,166.0,166.0,1.0,65.7,86.4,63.5,10.9,19.7,7.4,0.0,253.6,1981,1390.5,1311.78,1412.00,1475.23,1734.45,2098.24
Kung-fu Empire,kung_fu,A,1657,130.17,17.6,12.6351,2.0,177.0,177.0,1.0,56.6,49.6,54.7,13.7,36.1,5.6,0.0,216.3,1657,1228.5,1390.59,1481.16,1527.72,1789.27,2171.88
Little Little Princess,littlepr,A,1869,130.59,24.8,14.2504,1.8,180.0,212.0,1.1778,35.4,74.6,29.3,6.1,22.9,5.3,0.0,173.6,1869,1334.5,1501.40,1554.94,1572.40,1849.71,2334.62
Lost Souls,lostsoul,A,2000,105.16,28.6,18.734,3.0,185.0,185.0,1.0,80.6,89.6,83.5,35.7,25.8,4.6,0.0,319.8,2000,1400.0,1769.74,1792.44,1794.53,2037.84,2555.71
Marie Antoinette,marieant,A,1287,125.96,14.8,10.1175,1.8,120.0,248.0,2.0667,19.1,44.9,19.5,3.8,20.8,6.2,0.0,114.3,1287,1043.5,1619.65,1645.23,1654.69,1981.58,2449.72
Nothing but Theory,nbtheory,A,1424,123.0,16.2,11.4774,2.6,160.0,160.0,1.0,62.3,46.0,50.4,7.2,27.4,6.8,0.6,200.7,1423,1111.5,1353.73,1428.57,1474.90,1725.47,2136.01
Override,override,A,2201,119.31,26.0,18.3067,3.4,175.0,175.0,1.0,82.6,81.4,81.5,21.7,39.8,8.3,0.0,315.3,2201,1500.5,1694.44,1722.20,1727.48,1981.45,2541.52
QUANTUM TELEPORTATION,quantum,A,1650,127.89,23.4,13.1728,1.4,152.0,152.0,1.0,97.3,60.5,89.1,21.1,36.0,5.6,0.0,309.6,1650,1225.0,1527.90,1581.32,1605.26,1840.90,2193.11
RED ZONE,redzone,A,1439,106.18,18.4,14.9688,2.8,165.0,165.0,1.0,62.8,65.4,58.2,12.1,25.5,7.8,1.7,233.5,1438,1119.0,1290.20,1409.53,1471.74,1747.33,2152.04
REVOLVER,revolver,A,1655,105.0,23.2,15.7219,2.8,160.0,160.0,1.0,77.7,56.0,72.1,6.1,24.0,10.0,69.4,315.3,1530,1165.0,1628.65,1695.13,1712.50,2020.36,2694.60
SAMURAI-Scramble,samurais,A,1219,126.5,17.0,9.5118,7.2,150.0,150.0,1.0,10.3,27.6,18.5,14.6,31.7,69.2,0.0,171.9,1219,1009.5,1887.17,2002.95,2049.01,2571.59,2977.56
Saturn,saturn,A,1247,109.94,15.6,11.3036,1.4,155.0,155.0,1.0,65.9,48.6,50.9,4.6,55.4,3.2,0.0,228.6,1247,1023.5,1683.10,1725.22,1737.21,2089.20,2777.25
Scripted Connection⇒ H mix,script_h,A,1126,109.77,17.4,10.2926,1.6,151.0,151.0,1.0,78.0,34.3,64.3,26.2,55.4,5.9,0.0,264.1,1126,963.0,1341.85,1463.33,1508.95,1804.43,2277.66
Secrets,secrets,A,1478,118.4,16.2,12.3782,2.8,150.0,150.0,1.0,62.0,54.0,50.9,14.7,33.1,11.5,0.0,226.2,1478,1139.0,1604.15,1659.66,1682.67,1962.55,2451.03
SOLID WYVERN,slwyvern,A,1999,106.27,24.8,18.5439,5.0,165.0,165.0,1.0,99.2,72.1,102.6,44.1,36.9,11.2,1.6,367.7,1997,1398.5,1635.78,1665.39,1670.49,1924.57,2387.44
spiral galaxy,spiral,A,1260,126.33,16.0,9.8488,1.6,154.0,154.0,1.0,64.0,25.4,55.2,31.5,52.4,3.9,0.0,232.4,1260,1030.0,1464.19,1507.89,1526.42,1772.14,2051.99
STARLIGHT DANCEHALL,starltdh,A,1683,111.27,21.2,14.9464,6.4,177.0,177.0,1.0,51.0,63.2,46.9,7.4,21.6,25.8,0.0,215.9,1683,1241.5,1502.81,1569.99,1592.47,1878.45,2391.05
STEEL NEEDLE,stneedle,A,1180,114.8,18.0,10.1513,2.2,205.0,205.0,1.0,26.2,36.9,33.7,24.7,53.0,8.4,0.0,182.9,1180,990.0,1545.73,1674.95,1756.25,2035.85,2541.85
THE DEEP STRIKER,tdeepstr,A,1528,118.01,18.2,12.7731,2.8,173.0,173.0,1.0,62.1,60.6,53.3,15.1,17.2,10.1,0.0,218.4,1528,1164.0,1468.60,1552.95,1585.74,1879.85,2394.85
Time to Air,time2air,A,1458,113.17,20.8,12.7246,3.2,191.0,191.0,1.0,15.1,64.3,11.8,5.1,24.5,10.1,0.0,130.9,1458,1129.0,1786.11,1822.44,1828.70,2207.30,2799.66
TRANOID,tranoid,A,999,90.66,18.6,10.9319,1.6,120.0,190.0,1.5833,55.7,41.6,68.6,35.5,54.2,4.9,34.5,295.0,974,887.0,1749.30,1793.42,1803.27,2090.25,2621.56
Übertreffen,ubertref,A,1280,93.79,17.4,13.5702,2.6,174.0,174.0,1.0,79.9,32.0,79.7,7.9,25.2,4.7,0.0,229.4,1280,1040.0,1500.15,1575.66,1611.82,1854.53,2226.75
waxing and wanding,waxing,A,2000,114.35,28.4,18.0945,3.0,191.0,191.0,1.0,47.6,105.8,36.7,3.5,8.9,5.2,0.0,207.7,2000,1400.0,1620.62,1644.82,1651.13,1884.57,2255.32
Ypsilon,ypsilon,A,1796,114.09,20.8,16.0955,1.8,160.0,160.0,1.0,91.7,60.8,82.5,21.6,31.3,5.2,0.0,293.1,1796,1298.0,1433.96,1504.07,1535.39,1786.19,2172.63
ZEPHYRANTHES,zephyran,A,1445,122.67,16.6,11.7203,2.4,180.0,180.0,1.0,73.2,26.1,56.8,16.2,26.3,6.4,3.1,208.1,1442,1121.0,1590.17,1642.30,1654.93,1920.91,2416.13
カジノファイヤーことみちゃん,_casino,A,1275,111.65,17.0,11.3554,6.6,230.0,230.0,1.0,12.2,36.9,19.5,0.0,4.6,28.6,22.6,124.4,1245,1022.5,1514.40,1689.31,1780.73,2179.60,2883.76
仮想空間の旅人たち,_travels,A,1943,124.07,26.4,15.9669,1.6,151.0,151.0,1.0,93.3,88.6,84.0,33.5,34.6,1.8,0.0,335.8,1943,1371.5,1582.15,1594.32,1598.75,1813.82,2132.82
華蝶風雪,_kachofu,A,1483,123.02,16.2,11.9452,2.2,199.0,199.0,1.0,24.6,55.1,15.6,1.7,28.1,3.8,0.0,128.9,1483,1141.5,1381.60,1462.88,1515.41,1770.26,2283.33
君のハートにロックオン,_klockon,A,1336,120.06,16.2,10.9769,1.6,260.0,260.0,1.0,87.2,25.0,86.1,7.9,18.3,5.4,0.0,229.9,1336,1068.0,1607.87,1675.69,1693.64,1982.81,2570.56
グッバイ宣言,_goodbys,A,1849,120.0,18.6,15.2777,3.4,170.0,170.0,1.0,47.4,81.2,40.9,3.2,13.9,11.8,23.3,221.7,1807,1303.5,1396.62,1471.52,1512.34,1771.44,2254.27
#The_Relentless,_therele,A,1444,125.74,16.4,11.373,2.6,170.0,170.0,1.0,51.4,41.0,30.9,9.0,29.9,9.5,9.1,180.8,1426,1113.0,1745.60,1780.54,1790.72,2077.68,2723.71
超青少年ノ為ノ超多幸ナ超古典的超舞曲,_verycls,A,2092,120.0,25.8,17.2347,1.2,150.0,150.0,1.0,94.8,84.5,106.3,80.3,106.7,1.3,0.0,473.9,2092,1446.0,1634.84,1676.21,1692.29,1993.93,2779.46
ハイテックトキオ,_hitokio,A,1639,117.91,19.0,13.7898,3.8,165.0,165.0,1.0,83.8,44.9,74.1,3.7,18.9,7.4,25.2,258.0,1600,1200.0,1411.32,1506.54,1548.39,1875.08,2468.70
フォニイ,_phony,A,1975,122.82,19.4,16.039,1.2,170.0,170.0,1.0,75.6,87.3,64.9,7.1,15.2,2.7,0.0,252.8,1975,1387.5,1332.75,1420.32,1476.54,1719.76,2055.48
龍王の霊廟(Mausoleum Of The Primal Dragon),_mausole,A,2023,126.15,19.6,15.8567,0.8,144.0,144.0,1.0,112.8,70.5,101.3,23.1,45.6,1.5,43.7,398.5,1976,1388.0,1429.45,1504.45,1543.90,1795.25,2251.12
龍と少女とデコヒーレンス,_decoher,A,1648,122.18,21.2,13.3951,2.8,165.0,165.0,1.0,104.3,49.8,102.3,29.1,42.6,4.4,31.0,363.5,1634,1217.0,1503.93,1552.54,1574.63,1802.93,2143.09
A Certified Rave Moment,a_certif,A,1404,123.64,15.6,11.3016,7.8,165.0,165.0,1.0,44.8,38.8,20.1,4.1,14.9,49.7,2.6,175.0,1399,1099.5,,,,,
A Tale Hidden In The Abyss,atalehdn,A,1288,118.47,14.2,11.3345,2.2,216.0,216.0,1.0,24.9,33.7,27.6,4.7,10.8,5.9,20.6,128.2,1271,1035.5,,,,,
Abraxas,abraxas,A,1202,117.91,17.2,10.0661,6.6,165.0,165.0,1.0,60.5,27.2,48.9,27.8,51.9,25.9,13.8,256.0,1183,991.5,,,,,
ABSOLUTE (kors k Remix),abso_k,A,1336,124.59,16.2,10.6256,2.8,160.0,160.0,1.0,44.3,39.2,35.3,6.2,20.6,9.0,53.4,208.0,1277,1038.5,,,,,
Abyss-The Heavens Remix-,abyss_r,X,1133,109.56,15.8,10.1818,2.4,171.0,171.0,1.0,24.6,41.1,24.4,6.1,15.5,6.0,0.0,117.7,1133,966.5,,,,,
ADAMANT,adamant,A,1539,127.2,19.2,12.0016,2.6,200.0,200.0,1.0,32.7,48.2,31.6,10.5,29.8,10.7,45.6,209.1,1482,1141.0,,,,,
Aegis,aegis,A,1198,103.33,17.6,11.4192,2.0,162.0,162.0,1.0,53.0,40.9,37.5,9.5,36.4,11.6,24.3,213.2,1180,990.0,,,,,
AFRO KNUCKLE,afroknuc,A,1159,122.48,16.6,9.3512,4.0,145.0,145.0,1.0,40.3,42.5,23.5,2.3,43.3,13.1,0.0,165.0,1159,979.5,,,,,
Afterimage d'automne,afterimg,A,1354,118.97,17.6,11.6603,1.6,232.0,232.0,1.0,21.4,58.1,26.9,6.0,14.2,5.3,41.2,173.1,1320,1060.0,,,,,
AGEHA,ageha,X,1232,120.0,18.2,10.1785,3.0,180.0,180.0,1.0,23.3,46.7,20.2,0.0,4.6,11.3,33.9,140.0,1198,999.0,,,,,
Ah Hah Yeah,ahahyeah,A,1108,106.41,17.2,10.286,3.6,115.0,230.0,2.0,22.6,54.9,19.3,11.2,19.8,17.5,0.0,145.3,1108,954.0,,,,,
All is Wrecked,allwreck,A,1136,104.47,16.6,10.8558,1.8,170.0,170.0,1.0,48.7,42.5,50.6,14.8,35.9,3.4,0.0,195.9,1136,968.0,,,,,
ALL MY TURN-このターンに、オレの全てを賭ける-,almyturn,A,1149,115.76,16.0,10.0158,2.0,170.0,170.0,1.0,60.8,35.9,56.0,30.3,51.2,5.5,0.0,239.7,1149,974.5,,,,,
Ambush Ace,ambush_a,A,1492,112.41,16.6,13.177,1.0,158.0,158.0,1.0,74.2,56.4,57.2,6.0,18.5,2.5,16.2,231.0,1468,1134.0,,,,,
Amethyst,amethyst,A,1322,122.42,16.8,10.6927,3.2,155.0,155.0,1.0,72.4,31.9,63.7,4.4,23.0,7.3,0.0,202.7,1322,1061.0,,,,,
Amnolys,amnolys,A,1335,118.0,17.0,11.1899,2.0,120.0,180.0,1.5,42.4,58.7,38.9,4.6,14.4,5.1,0.0,164.1,1335,1067.5,,,,,
Amor De Verão,amrverao,A,1193,116.52,12.8,10.1248,2.0,138.0,138.0,1.0,60.1,40.8,34.9,6.7,54.9,9.0,0.0,206.4,1193,996.5,,,,,
AMRITA -不滅ノ花-,amrita,A,1398,118.42,15.2,11.684,1.8,152.0,152.0,1.0,62.3,38.8,48.9,19.4,36.2,6.6,9.8,222.0,1380,1090.0,,,,,
ANDROMEDA,andromed,A,1393,129.7,16.6,10.5969,0.8,150.0,150.0,1.0,82.2,39.4,61.1,22.7,45.2,1.8,0.0,252.4,1393,1096.5,,,,,
Angelic Jelly,angjelly,A,1363,115.2,20.8,11.6621,3.2,200.0,200.0,1.0,28.9,43.4,31.7,32.6,56.3,8.2,0.0,201.1,1363,1081.5,,,,,
ANTHEM LANDING,anthemld,A,0,0.0,0.0,0.0,0.0,151.0,151.0,1.0,0.0,0.0,0.0,0.0,0.0,0.0,0.0,0.0,0,1,,,,,
apo:llioth,apolioth,A,1498,128.47,16.6,11.5426,8.2,200.0,200.0,1.0,23.3,46.2,20.0,3.3,13.4,22.5,0.0,128.7,1498,1149.0,,,,,
Around the Future,a_future,A,1211,126.02,15.8,9.5008,4.6,162.0,162.0,1.0,56.4,27.3,33.4,17.7,33.1,19.2,0.0,187.1,1211,1005.5,,,,,
Around The Galaxy,a_glxy24,A,1463,135.83,16.8,10.7393,1.4,145.0,145.0,1.0,92.1,45.7,70.0,21.9,48.1,3.6,0.0,281.4,1463,1131.5,,,,,
AsiaN distractive,asiandst,A,1337,113.61,17.4,11.6719,1.2,120.0,157.0,1.3083,40.6,63.0,37.5,5.5,29.3,3.4,0.0,179.3,1337,1068.5,,,,,
Atröpøs,atropos,A,1158,119.67,16.4,9.7109,3.8,182.0,182.0,1.0,43.7,19.3,34.2,18.9,27.1,12.6,0.0,155.8,1158,979.0,,,,,
Aublia,aublia,A,1299,121.54,15.0,10.7157,3.2,156.0,156.0,1.0,60.1,39.7,53.8,15.4,60.8,6.2,24.9,260.9,1266,1033.0,,,,,
Aurora,aurora,A,1280,112.79,18.0,11.2053,2.8,181.0,181.0,1.0,56.6,42.3,30.7,8.1,13.5,5.8,0.0,157.0,1280,1040.0,,,,,
BabeL ～Grand Story～,babel_gs,A,1409,120.37,18.4,11.6066,2.2,163.0,163.0,1.0,77.1,55.5,72.3,11.2,5.7,7.2,11.1,240.1,1394,1097.0,,,,,
Bahram Attack-猫叉Master Remix-,bahram,X,1282,131.61,14.6,9.84,1.0,155.0,155.0,1.0,42.9,48.2,37.9,7.3,20.2,2.1,0.0,158.6,1282,1041.0,,,,,
Bang-Boo Bumble,bang_boo,A,1479,125.09,17.0,11.7222,2.2,165.0,165.0,1.0,43.4,53.5,31.7,5.0,12.7,6.4,11.1,163.8,1458,1129.0,,,,,
Bang Bang Dance,bangdanc,A,1415,121.54,17.6,11.5803,5.4,156.0,156.0,1.0,82.9,28.6,62.4,18.3,31.6,11.9,2.0,237.7,1412,1106.0,,,,,
Banger Banger Banger Banger,bangerx4,A,1497,115.03,18.8,12.8517,3.6,190.0,190.0,1.0,40.9,38.9,47.0,9.6,14.9,14.0,0.0,165.3,1497,1148.5,,,,,
Battle Train-IIDX Edition-,btltrain,A,1598,123.09,17.8,12.8371,1.6,160.0,160.0,1.0,93.1,36.0,78.2,25.8,56.1,3.3,0.0,292.5,1598,1199.0,,,,,
Battleground,btground,A,1335,122.18,18.0,10.8374,2.8,165.0,165.0,1.0,60.2,35.6,49.5,8.7,26.7,9.4,0.0,190.1,1335,1067.5,,,,,
BattleRoyal,btlroyal,A,1330,117.7,15.4,11.1729,5.2,150.0,150.0,1.0,54.5,38.0,45.3,7.0,46.3,14.4,28.7,234.2,1301,1050.5,,,,,
Be a Hero!,b_a_hero,A,1389,125.05,15.4,10.9714,3.0,190.0,190.0,1.0,47.5,25.2,43.4,22.5,29.2,14.4,0.0,182.2,1389,1094.5,,,,,
Be A Star,b_a_star,A,1392,118.62,16.2,11.6101,2.6,174.0,174.0,1.0,35.8,61.4,34.6,8.0,21.1,4.6,0.0,165.5,1392,1096.0,,,,,
Be OK,be_ok,X,1017,118.5,12.2,8.4756,1.6,160.0,160.0,1.0,43.7,29.4,30.1,6.5,27.5,5.5,0.0,142.7,1017,908.5,,,,,
Beastie Starter,beastie,A,1075,107.45,17.2,9.9019,3.0,190.0,190.0,1.0,15.2,20.6,26.0,53.0,100.3,10.8,0.0,225.9,1075,937.5,,,,,
Beat Juggling Mix,beatjugg,A,956,117.3,17.2,8.1709,7.4,66.0,198.0,3.0,7.2,34.5,12.2,14.7,25.1,54.6,0.0,148.3,956,878.0,,,,,
Believe In Me,believme,A,1213,117.26,16.4,10.2186,2.4,170.0,170.0,1.0,39.6,37.9,30.4,5.0,21.2,5.2,0.0,139.3,1213,1006.5,,,,,
Beyond The Earth,beyond_p,A,1625,133.71,16.8,12.0582,3.0,140.0,140.0,1.0,63.9,58.0,57.0,18.1,41.7,11.8,0.0,250.5,1625,1212.5,,,,,
Beyond The Seven,beyond_7,A,1297,116.73,16.4,10.959,1.2,142.0,142.0,1.0,64.9,53.7,56.6,15.0,29.4,4.4,0.0,224.0,1297,1048.5,,,,,
Blame,blame,A,429,105.29,11.2,5.159,0.8,155.0,155.0,1.0,49.2,29.3,45.6,28.5,72.0,3.1,0.0,227.7,429,429,,,,,
Blaze it UP!,blazitup,A,1428,124.8,16.0,11.3616,3.0,175.0,175.0,1.0,28.6,52.3,22.3,4.3,13.7,9.5,5.9,136.6,1423,1111.5,,,,,
"Blind Justice～Torn souls,Hurt Faiths～",blindjus,A,1230,126.17,16.8,9.6819,1.6,120.0,165.0,1.375,41.0,48.1,21.7,2.6,18.3,2.2,0.0,133.9,1230,1015.0,,,,,
Bling-Bang-Bang-Born,blingbbb,X,1105,91.72,18.0,11.987,9.4,157.0,157.0,1.0,15.3,35.7,13.8,8.9,19.6,78.2,0.0,171.5,1105,952.5,,,,,
BLOCKS,blocks,A,990,98.72,20.4,9.9919,1.0,141.0,141.0,1.0,63.9,42.1,50.0,36.3,57.4,2.1,0.0,251.8,990,895.0,,,,,
bloomin' feeling,bloominf,A,1271,98.2,18.8,12.9102,1.8,181.0,181.0,1.0,44.2,57.1,34.2,6.1,13.3,6.1,6.3,167.3,1261,1030.5,,,,,
BLUST OF WIND,blstwind,X,1075,119.17,11.6,8.95,1.2,145.0,145.0,1.0,33.4,41.8,17.9,2.3,11.7,3.3,28.5,138.9,1055,927.5,,,,,
Bounce Bounce Bounce,bouncex3,A,1277,128.28,13.8,9.8527,5.2,116.0,116.0,1.0,42.5,46.0,29.3,24.4,68.1,33.7,0.0,244.0,1277,1038.5,,,,,
Brahma,brahma,A,1454,116.4,20.0,12.3573,3.8,400.0,400.0,1.0,21.2,57.6,16.0,5.3,57.3,6.0,0.0,163.4,1454,1127.0,,,,,
BRAINSTORM,brainstm,A,1337,124.0,16.6,10.6848,7.2,180.0,180.0,1.0,37.2,40.0,34.5,12.8,21.5,26.2,0.0,172.2,1337,1068.5,,,,,
BRAVE OUT,braveout,X,1091,120.0,13.2,8.9835,4.0,150.0,150.0,1.0,60.7,18.6,51.3,11.2,22.8,6.8,0.0,171.4,1091,945.5,,,,,
BREAK OVER,breakovr,A,1210,131.66,16.4,9.1636,4.0,106.0,150.0,1.4151,56.9,37.6,52.6,19.7,35.9,15.5,0.0,218.2,1210,1005.0,,,,,
Breakin' Rules,brkrules,A,1396,124.24,16.4,11.2032,1.6,170.0,170.0,1.0,59.0,33.2,57.7,13.7,39.7,4.1,0.0,207.4,1396,1098.0,,,,,
"Breaking Dawn feat. NO+CHIN, AYANO",brk_dawn,A,1467,127.74,17.0,11.4422,2.4,186.0,186.0,1.0,45.3,36.2,38.3,10.0,24.0,7.0,0.0,160.8,1467,1133.5,,,,,
Broadbanded,brdband,A,1004,120.0,15.4,8.2975,1.8,140.0,140.0,1.0,76.1,21.3,31.0,20.1,94.8,4.3,0.0,247.6,1004,902.0,,,,,
BROKEN EDEN,brkneden,A,1101,115.56,14.6,9.6175,2.4,162.0,162.0,1.0,64.4,31.2,59.1,16.5,37.6,4.5,0.0,213.3,1101,950.5,,,,,
Buffalo,buffalo,X,1281,97.78,19.0,12.8408,4.8,108.0,108.0,1.0,73.9,53.1,77.4,28.9,22.1,29.0,0.0,284.4,1281,1040.5,,,,,
Butterfly Twist,buttwist,A,1373,123.0,18.8,11.0403,3.8,160.0,160.0,1.0,46.5,48.4,33.3,8.1,18.0,11.2,12.3,177.8,1342,1071.0,,,,,
C-C-C-N-N-N,cccnnn,A,1434,117.89,18.8,12.0644,6.6,120.0,180.0,1.5,39.4,51.8,40.0,8.6,15.5,19.6,0.0,174.9,1434,1117.0,,,,,
CALL,call,X,933,118.48,12.8,7.8017,0.6,158.0,158.0,1.0,8.6,38.1,7.9,0.0,25.2,1.6,84.7,166.1,834,817.0,,,,,
CaptivAte2～覚醒～,ckakusei,A,1188,108.34,18.4,10.8862,2.2,175.0,175.0,1.0,74.8,38.8,58.1,5.4,24.1,5.0,0.0,206.2,1188,994.0,,,,,
Castle on the Moon,csl_moon,A,1212,93.06,19.6,12.8149,3.2,191.0,191.0,1.0,60.1,32.0,43.7,13.3,27.2,8.7,0.0,185.0,1212,1006.0,,,,,
Catch Me,catchme,X,906,102.39,12.2,8.7592,3.2,115.0,115.0,1.0,28.5,35.6,14.3,14.9,51.9,19.0,0.0,164.2,906,853.0,,,,,
Catch ya Getcha!,c_gatcha,A,1481,112.4,18.0,13.0142,4.0,156.0,156.0,1.0,66.6,40.8,54.3,6.5,35.1,20.3,0.0,223.6,1481,1140.5,,,,,
Change Yourself,changeys,A,1150,116.13,15.2,10.9467,3.0,155.0,155.0,1.0,73.8,26.4,68.7,12.5,26.5,8.9,24.4,241.2,1136,968.0,,,,,
chaos eater-IIDX edition-,chaoseat,A,1314,109.71,18.2,11.8491,3.2,210.0,210.0,1.0,14.3,48.5,17.8,2.9,41.9,8.6,0.0,134.0,1314,1057.0,,,,,
CHAOTIC SUNBIRD,chaosunb,A,1662,116.32,18.2,14.1556,2.0,163.0,163.0,1.0,66.4,59.4,43.8,8.1,45.9,9.5,9.9,243.0,1642,1221.0,,,,,
CHECKING YOU OUT,checking,A,651,100.0,10.6,6.4,6.2,108.0,216.0,2.0,19.5,19.5,19.8,1.9,1.9,66.7,0.0,129.3,651,651,,,,,
Chemical Colours,chemiclr,A,1416,116.57,15.4,12.0821,5.8,175.0,175.0,1.0,34.7,49.2,30.8,7.4,17.6,19.9,13.7,173.3,1386,1093.0,,,,,
Chronos,chronos,A,1605,109.69,18.2,14.5255,2.4,128.0,128.0,1.0,69.9,68.0,70.9,26.0,53.0,10.5,42.4,340.7,1568,1184.0,,,,,
City Never Sleeps(IIDX EDITION),citynvrs,A,1340,124.04,17.4,10.6656,0.8,178.0,178.0,1.0,29.4,54.4,31.9,5.8,10.1,2.0,20.2,153.8,1309,1054.5,,,,,
Cleopatrysm,cleopatr,A,1312,116.21,18.0,11.2103,2.0,190.0,190.0,1.0,37.5,40.4,35.0,12.6,16.9,9.1,0.0,151.5,1312,1056.0,,,,,
Click Again,click,A,952,113.98,14.6,8.2351,2.0,137.0,137.0,1.0,31.8,40.9,24.2,16.8,94.5,10.7,0.0,218.9,952,876.0,,,,,
CODE -CRiMSON-,ccrimson,A,1508,119.37,17.8,12.5866,3.4,167.0,167.0,1.0,68.9,41.5,50.5,5.0,26.2,11.1,0.6,203.8,1504,1152.0,,,,,
CODE:2,code_2,A,1491,119.32,16.8,12.3467,2.0,155.0,155.0,1.0,62.4,46.2,46.8,7.0,37.7,7.1,0.0,207.2,1491,1145.5,,,,,
COLOSSEUM,coloseum,A,1137,102.86,15.4,10.967,2.4,140.0,140.0,1.0,78.3,59.7,66.7,19.2,38.7,6.2,0.0,268.8,1137,968.5,,,,,
CONCEPTUAL,concept,A,1391,111.52,16.6,12.3232,1.8,198.0,198.0,1.0,45.3,45.9,35.7,12.6,26.5,6.1,0.0,172.1,1391,1095.5,,,,,
CONNECT-,connect_,A,1483,112.0,16.8,13.1044,2.4,150.0,150.0,1.0,88.0,47.8,77.0,13.6,26.4,5.4,0.0,258.2,1483,1141.5,,,,,
Constellation,constell,A,1435,118.39,19.2,11.9933,1.6,140.0,140.0,1.0,86.2,45.5,78.6,16.6,30.0,3.6,8.2,268.7,1426,1113.0,,,,,
Cookie Bouquets,cookie_b,A,1452,125.27,17.2,11.4889,2.2,205.0,205.0,1.0,20.5,58.9,14.3,2.5,14.9,4.2,0.0,115.3,1452,1126.0,,,,,
COSMIC CYBER,coscyber,A,1323,105.88,20.6,13.8253,4.0,170.0,170.0,1.0,65.1,48.6,54.9,12.8,27.3,9.2,0.0,217.9,1323,1061.5,,,,,
Countdown to Heaven or Hell,countdhh,A,1569,114.58,18.0,13.6383,3.4,155.0,155.0,1.0,90.9,43.6,80.4,23.4,38.4,5.9,12.4,295.0,1556,1178.0,,,,,
Crazy Jackpot,crazy_jp,A,1447,114.44,16.0,12.4852,4.2,170.0,170.0,1.0,43.8,33.6,56.2,38.1,44.2,11.8,0.0,227.7,1447,1123.5,,,,,
crew,crew,A,1375,132.9,17.0,11.0887,2.6,150.0,150.0,1.0,70.3,41.2,56.3,12.6,23.0,3.8,0.0,207.2,1375,1087.5,,,,,
Critical Crystal,ccrystal,A,1303,113.09,22.4,11.4158,3.4,191.0,191.0,1.0,21.6,58.3,30.3,32.5,53.9,16.3,3.8,216.7,1296,1048.0,,,,,
Cyber True Color,cyberclr,A,1128,121.6,15.4,10.3064,1.8,150.0,150.0,1.0,58.2,29.3,46.5,13.9,36.8,6.5,0.0,191.2,1128,964.0,,,,,
D,d_eagle,A,1238,117.68,17.6,10.3661,2.6,30.0,240.0,8.0,69.6,33.5,63.9,39.9,76.5,10.0,12.2,305.6,1235,1017.5,,,,,
D.C.fish,dcfish,A,1178,116.13,16.8,10.0462,1.4,155.0,155.0,1.0,45.1,41.8,35.0,22.7,40.8,2.9,0.0,188.3,1178,989.0,,,,,
Daily Lunch Special,daylunch,A,1441,125.27,16.0,11.4143,2.2,205.0,205.0,1.0,7.3,54.8,13.1,3.2,15.2,6.6,30.4,130.6,1393,1096.5,,,,,
Danza Aestas,danzaest,A,1519,120.0,15.2,12.5455,1.2,150.0,150.0,1.0,88.7,40.9,77.9,7.2,30.8,3.8,0.0,249.3,1519,1159.5,,,,,
Dark Fall,darkfall,A,995,115.25,16.4,8.6632,5.6,202.0,202.0,1.0,43.5,27.2,48.6,1.1,12.0,9.4,15.3,157.1,977,888.5,,,,,
DAWN-THE NEXT ENDEAVOUR-,dawn_end,A,1547,143.03,15.4,10.6958,1.4,183.0,183.0,1.0,23.1,51.5,12.9,11.8,55.8,1.8,0.0,156.9,1547,1173.5,,,,,
DAZZLE ATTACK,dazzleat,A,1435,120.69,17.2,11.8281,2.6,175.0,175.0,1.0,39.3,52.2,29.0,6.8,18.6,10.2,0.0,156.1,1435,1117.5,,,,,
Debtty Daddy,debtty,A,1263,122.32,16.6,10.226,2.4,155.0,155.0,1.0,43.2,40.9,34.4,3.3,20.0,10.5,0.0,152.3,1263,1031.5,,,,,
Deceive Your Insight,deceive,A,949,104.92,15.0,9.2451,2.6,190.0,190.0,1.0,33.5,35.7,35.0,14.8,14.6,5.9,0.0,139.5,949,874.5,,,,,
DEEP ROAR,dproar30,A,1387,114.27,15.8,11.9774,2.2,165.0,165.0,1.0,42.2,57.4,30.7,19.2,26.9,5.4,0.0,181.8,1387,1093.5,,,,,
Derelict Star feat. Ryu*,derelict,A,1296,116.9,18.4,10.9521,3.0,150.0,150.0,1.0,40.0,55.6,35.7,13.7,24.4,12.1,9.7,191.2,1290,1045.0,,,,,
DESIRE,desire,A,1369,112.54,19.2,12.0319,2.2,175.0,175.0,1.0,57.3,46.0,43.3,6.7,13.2,6.9,0.0,173.4,1369,1084.5,,,,,
Destiny Sword,dstsword,A,1023,100.74,13.4,10.0238,1.8,155.0,155.0,1.0,54.5,32.6,33.6,18.4,32.3,8.1,0.0,179.5,1023,911.5,,,,,
Devilz Sacrifice-贖罪の羊-,dvl_sacr,A,1265,105.43,16.0,11.9038,2.2,175.0,175.0,1.0,43.7,42.7,48.3,20.8,35.9,4.7,11.5,207.6,1261,1030.5,,,,,
diagram,diagram,A,1461,126.43,16.2,11.4551,4.8,112.0,112.0,1.0,77.5,46.1,65.7,14.9,93.6,13.6,0.0,311.4,1461,1130.5,,,,,
DIAMOND JACKAL,diajackl,A,1313,107.39,19.0,12.1148,5.4,115.0,230.0,2.0,52.9,53.8,38.5,20.4,71.0,13.9,0.0,250.5,1313,1056.5,,,,,
Digitank System,digitank,A,753,116.37,13.8,7.0321,7.0,128.0,128.0,1.0,14.1,31.1,8.9,6.8,12.9,65.5,0.0,139.3,753,753,,,,,
DISAPPEAR feat. koyomin,disapear,A,1400,119.17,19.4,11.7966,4.8,145.0,145.0,1.0,84.4,39.3,72.3,14.1,39.2,19.8,5.2,274.3,1394,1097.0,,,,,
Discloze,discloze,A,1331,118.36,16.4,11.1782,2.2,120.0,145.0,1.2083,60.6,49.9,58.5,12.8,30.5,9.1,1.3,222.7,1329,1064.5,,,,,
DISPARATE,disparat,A,1243,106.88,16.8,11.4785,5.4,200.0,200.0,1.0,25.9,34.9,11.9,6.4,23.7,16.5,0.0,119.3,1243,1021.5,,,,,
Divine Heaven,divinehv,A,1503,121.7,18.4,12.2049,3.2,150.0,150.0,1.0,54.4,58.9,40.5,24.5,35.0,5.1,26.7,245.1,1483,1141.5,,,,,
Do it!! Do it!!,doit_emp,A,987,108.85,18.6,9.2381,6.0,300.0,300.0,1.0,45.4,42.0,47.6,51.6,120.3,16.6,0.0,323.5,987,893.5,,,,,
DREAM OF SPACE UFO ABDUCTION,dreamufo,A,1371,119.14,17.6,11.39,1.4,140.0,140.0,1.0,72.0,46.8,75.8,24.2,44.9,2.1,0.0,265.8,1371,1085.5,,,,,
DROP,drop,A,1337,115.36,20.2,11.4672,1.4,152.0,152.0,1.0,64.0,40.5,67.0,31.3,34.2,4.0,0.0,241.0,1337,1068.5,,,,,
Drop It,dropit,A,1279,114.68,17.2,12.3243,4.4,155.0,155.0,1.0,59.2,26.2,64.3,62.1,62.6,17.5,7.7,299.6,1266,1033.0,,,,,
Echoes of Sunfall,esunfall,A,1518,115.59,20.0,13.0172,3.6,160.0,160.0,1.0,72.3,52.7,59.1,16.2,23.1,8.9,6.8,239.1,1513,1156.5,,,,,
EDEN,eden,X,1309,120.0,14.6,10.7835,1.2,200.0,200.0,1.0,7.7,60.7,7.6,0.7,6.8,4.1,0.0,87.6,1309,1054.5,,,,,
Egret and Willow,egretwil,A,1372,127.35,16.2,10.7031,2.0,196.0,196.0,1.0,23.1,47.0,19.3,5.1,14.2,9.4,0.0,118.1,1372,1086.0,,,,,
Eine Haube ～聖地の果てにあるもの～,einehaub,A,1321,107.29,21.4,12.2241,1.4,170.0,170.0,1.0,63.0,52.1,63.3,13.6,36.1,3.2,0.0,231.3,1321,1060.5,,,,,
Element of SPADA,elespada,X,1097,126.0,12.8,8.6252,0.6,170.0,170.0,1.0,10.0,51.4,9.8,0.0,1.8,1.7,16.9,91.6,1072,936.0,,,,,
Elisha,elisha,A,944,120.65,15.2,7.7554,1.0,185.0,185.0,1.0,17.1,26.5,11.1,2.0,16.7,2.3,39.1,114.8,906,853.0,,,,,
ELYSIUM,elysium,A,1377,111.48,18.6,12.3495,3.8,183.0,183.0,1.0,25.3,56.6,21.3,3.5,15.5,14.8,15.8,152.8,1361,1080.5,,,,,
Emera,emera,A,1179,104.35,18.0,11.325,3.6,161.0,161.0,1.0,36.1,51.9,34.5,16.9,28.9,13.1,18.5,199.9,1168,984.0,,,,,
Empire State Glory,empstate,A,1329,113.76,15.8,11.5596,3.4,173.0,173.0,1.0,57.5,38.6,44.8,3.1,10.3,6.4,0.0,160.7,1329,1064.5,,,,,
Energy Drive,engdrive,A,1101,120.09,17.4,9.1533,1.0,170.0,170.0,1.0,48.1,35.6,38.6,13.4,27.0,2.7,41.8,207.2,1068,934.0,,,,,
Engraved Mark,engraved,A,1145,109.79,14.4,10.3891,3.2,188.0,188.0,1.0,27.3,26.2,25.1,22.4,31.5,16.8,0.0,149.3,1145,972.5,,,,,
Ergosphere,ergosphr,A,1391,105.88,18.2,13.0736,0.8,170.0,170.0,1.0,56.0,56.3,57.7,10.1,21.9,2.2,45.5,249.7,1335,1067.5,,,,,
Erosion Mark,erosion,A,1042,111.25,14.4,9.2857,1.8,192.0,192.0,1.0,16.9,30.9,11.1,3.7,17.7,7.8,0.0,88.1,1042,921.0,,,,,
everlastingeuphoria:,evereuph,A,1243,112.09,17.0,10.9823,3.8,165.0,165.0,1.0,77.2,36.2,74.5,32.7,38.1,6.3,0.0,265.0,1243,1021.5,,,,,
examination leave,exaleave,A,1546,109.33,18.4,15.458,1.0,180.0,180.0,1.0,40.5,94.3,37.2,3.7,23.9,2.5,0.0,202.1,1546,1173.0,,,,,
Exhaust Hype,exh_hype,A,1426,120.82,15.6,11.7008,2.6,147.0,147.0,1.0,46.0,50.1,44.5,19.2,24.2,12.8,0.0,196.8,1426,1113.0,,,,,
EXODUS SIGN,exodusgn,A,1364,118.4,17.8,11.5085,4.4,150.0,150.0,1.0,55.1,40.1,50.1,14.9,32.2,24.5,9.6,226.5,1352,1076.0,,,,,
Explorer feat. ぷにぷに電機,explorer,X,1461,119.08,14.8,12.125,4.0,131.0,131.0,1.0,90.0,49.2,69.2,23.5,39.3,6.2,0.0,277.4,1461,1130.5,,,,,
EXTREME MACH COLLIDER,extrmach,A,1293,118.48,16.6,10.8521,2.8,148.0,148.0,1.0,75.2,34.1,77.0,12.7,26.7,9.9,0.0,235.6,1293,1046.5,,,,,
Farewell to Marrakech,fw_marra,A,1162,135.0,15.4,8.5441,1.2,144.0,144.0,1.0,52.8,29.9,40.7,11.3,22.0,2.9,0.0,159.6,1162,981.0,,,,,
Fashion Fruit,fashionf,A,1534,129.45,17.0,11.7877,2.8,165.0,165.0,1.0,57.3,44.4,49.0,9.7,24.8,11.7,0.0,196.9,1534,1167.0,,,,,
Fervidex,fervidex,A,1361,125.65,18.6,10.7778,1.2,191.0,191.0,1.0,18.6,57.6,17.3,7.0,11.6,2.5,0.0,114.6,1361,1080.5,,,,,
FINALLY BLAZE,fnlblaze,A,1424,124.54,16.2,11.3328,2.8,185.0,185.0,1.0,53.2,28.3,41.7,6.6,15.4,11.0,13.6,169.8,1406,1103.0,,,,,
FIRE BALL,fireball,A,1170,98.38,16.8,11.6889,3.4,188.0,188.0,1.0,36.8,47.4,36.1,7.5,36.4,8.5,0.0,172.7,1170,985.0,,,,,
Flash Back 90's,fback90s,X,1140,125.52,14.8,8.9937,2.4,155.0,155.0,1.0,49.8,24.2,41.6,4.2,15.1,9.8,0.0,144.7,1140,970.0,,,,,
FLOWER,flower,A,1150,120.69,20.8,10.0053,2.8,173.0,173.0,1.0,47.1,44.1,39.2,7.3,19.2,7.6,20.6,185.1,1130,965.0,,,,,
Fractal,fractal,A,1512,124.8,15.0,12.0016,1.4,175.0,175.0,1.0,59.2,42.1,52.2,5.7,29.5,3.1,0.0,191.8,1512,1156.0,,,,,
FREEDOM,freedom,A,1481,123.3,17.2,11.8919,3.8,150.0,150.0,1.0,43.2,57.4,38.6,13.0,20.3,16.6,0.0,189.1,1481,1140.5,,,,,
Funny shuffle,funnysfl,A,1199,104.35,19.4,11.4114,6.6,115.0,115.0,1.0,48.2,59.8,50.8,19.3,56.1,21.3,0.0,255.5,1199,999.5,,,,,
FUTURE is Dead,futuredd,A,0,0.0,0.0,0.0,0.0,110.0,220.0,2.0,0.0,0.0,0.0,0.0,0.0,0.0,0.0,0.0,0,1,,,,,
G2,g2,A,986,112.94,15.2,8.6035,2.2,170.0,170.0,1.0,31.7,32.6,13.0,34.2,90.6,5.2,0.0,207.3,986,893.0,,,,,
GALGALIM,galgalim,A,1148,106.27,15.0,10.6336,2.4,165.0,165.0,1.0,57.0,25.9,40.1,8.3,31.4,10.2,0.0,172.9,1148,974.0,,,,,
Game Changers,gamechng,A,1395,121.21,18.0,11.3754,3.4,105.0,210.0,2.0,57.3,41.1,38.7,9.1,39.6,28.5,0.0,214.3,1395,1097.5,,,,,
Garuda,garuda,A,1174,97.59,17.6,13.5279,2.4,160.0,160.0,1.0,55.4,61.8,48.7,15.7,45.2,7.7,0.0,234.5,1174,987.0,,,,,
GENOCIDE,genocide,A,1204,94.71,15.8,12.5432,2.6,175.0,175.0,1.0,63.9,35.9,56.1,23.3,43.8,6.4,0.0,229.4,1204,1002.0,,,,,
Get Higher,gethighr,A,1171,120.0,16.4,9.75,3.4,170.0,170.0,1.0,41.6,32.4,32.5,2.4,18.8,4.3,13.8,145.8,1154,977.0,,,,,
Get On Your Feet,get_feet,A,1384,119.23,18.2,11.5183,2.2,155.0,155.0,1.0,75.7,45.4,65.2,13.6,35.4,7.4,33.7,276.4,1352,1076.0,,,,,
GET READY!!,getready,A,1352,122.65,18.2,10.9415,2.6,88.0,175.0,1.9886,49.1,50.2,35.7,6.3,30.8,8.2,23.6,203.9,1331,1065.5,,,,,
GHOST,ghosthmj,A,1403,112.79,20.0,12.3027,2.6,120.0,180.0,1.5,57.9,43.5,47.6,16.2,19.7,9.5,0.0,194.4,1403,1101.5,,,,,
GIGA RAID,gigaraid,A,1222,118.5,15.6,10.2134,2.0,150.0,150.0,1.0,42.0,43.9,36.3,10.7,20.8,7.3,30.9,191.9,1189,994.5,,,,,
GIGA THRASH,gigathra,A,1247,118.5,16.4,11.557,4.2,150.0,150.0,1.0,63.3,40.5,51.2,24.8,36.8,14.4,9.5,240.5,1234,1017.0,,,,,
GIGA VIOLATE,gigaviol,A,1261,116.8,16.8,11.686,3.0,150.0,150.0,1.0,66.1,46.3,55.6,25.0,43.4,10.5,13.5,260.4,1237,1018.5,,,,,
GIGANT,gigant,X,854,101.25,11.8,8.3039,1.2,140.0,140.0,1.0,50.8,37.1,53.7,21.5,6.5,4.3,84.8,258.7,742,742,,,,,
Giudecca,giudecca,A,1340,111.48,18.0,11.8446,2.0,155.0,155.0,1.0,87.9,25.5,73.8,12.3,31.7,5.9,0.0,237.1,1340,1070.0,,,,,
"PON\,",globeglt,A,1369,113.68,16.0,11.9351,2.2,190.0,190.0,1.0,38.1,37.0,39.3,10.4,21.7,7.4,0.0,153.9,1369,1084.5,,,,,
GloriosA,gloriosa,A,1437,113.91,17.8,12.4684,2.0,175.0,175.0,1.0,50.6,56.0,46.0,14.1,23.0,5.8,9.0,204.5,1423,1111.5,,,,,
GLORIOUS HAMMER,glhammer,A,1587,117.87,18.0,13.3254,2.6,120.0,160.0,1.3333,69.7,45.3,62.7,6.0,25.6,7.7,18.0,235.0,1561,1180.5,,,,,
GO!,go_juger,A,1618,121.88,16.8,13.1984,5.6,128.0,128.0,1.0,80.3,37.5,70.3,13.5,41.3,31.2,3.3,277.4,1612,1206.0,,,,,
GOBBLE,gobblecp,A,835,96.0,16.4,8.9462,0.8,160.0,160.0,1.0,56.7,26.9,35.7,10.1,39.4,2.6,0.0,171.4,835,817.5,,,,,
GOLD RUSH,goldrush,A,1078,93.43,15.6,11.3404,2.4,162.0,162.0,1.0,12.0,62.6,7.8,25.0,42.5,7.9,0.0,157.8,1078,939.0,,,,,
GOLD RUSH 2025,gold2025,A,1420,138.07,16.0,10.2101,4.0,120.0,200.0,1.6667,28.7,47.5,27.8,19.1,25.9,10.4,7.0,166.4,1418,1109.0,,,,,
Halfway of promise,halfway,A,455,114.86,11.6,5.7462,7.0,140.0,140.0,1.0,4.6,27.7,3.2,3.8,16.5,60.9,0.0,116.7,455,455,,,,,
Hallucination,hallucin,A,1391,127.87,16.2,10.8094,2.4,120.0,160.0,1.3333,77.8,27.8,61.4,3.6,31.7,6.0,0.0,208.3,1391,1095.5,,,,,
HAPPY★RUSH,happyrsh,A,1464,121.95,18.8,11.9656,2.4,185.0,185.0,1.0,51.4,48.2,46.9,7.0,30.9,10.4,0.0,194.8,1464,1132.0,,,,,
Harmony and Lovely,harmlove,A,1127,110.22,16.6,10.0919,0.4,135.0,135.0,1.0,72.8,39.0,57.9,37.6,51.3,0.8,0.0,259.4,1127,963.5,,,,,
Hat Surprise,hatsurpr,A,1234,106.75,16.2,11.4262,1.8,180.0,180.0,1.0,45.4,49.5,34.7,8.4,20.4,6.0,0.0,164.4,1234,1017.0,,,,,
Hat Surprise (Season 3),hatsurp3,A,1384,114.75,15.6,11.9304,3.2,180.0,180.0,1.0,46.2,35.6,36.0,8.3,20.5,11.4,0.0,158.0,1384,1092.0,,,,,
Heavenly Sun(IIDX VERSION),hvnlysun,X,1060,116.31,13.4,9.1826,0.2,130.0,130.0,1.0,81.3,25.4,70.0,5.1,20.8,0.3,0.0,202.9,1060,930.0,,,,,
HEISEI,heisei,A,1181,120.0,16.6,10.8349,1.8,152.0,152.0,1.0,52.9,50.2,46.9,7.4,33.8,2.0,13.5,206.7,1169,984.5,,,,,
HELL SCAPER-Last Escape Remix-,helsca_t,A,1335,140.0,18.2,9.9597,7.6,180.0,180.0,1.0,19.4,50.1,14.6,15.4,49.6,18.5,0.0,167.6,1335,1067.5,,,,,
Hello Happiness,hellohap,A,1164,101.62,17.4,11.3549,5.8,182.0,182.0,1.0,41.9,32.4,29.7,6.6,24.0,17.8,0.0,152.4,1164,982.0,,,,,
HIGH,high,X,1460,106.67,17.4,13.4935,2.6,180.0,180.0,1.0,10.7,74.3,8.9,2.0,13.5,8.8,0.0,118.2,1460,1130.0,,,,,
Holic,holic,A,402,70.45,16.4,6.4295,0.2,155.0,155.0,1.0,63.5,44.8,52.8,0.0,35.9,0.6,0.0,197.6,402,402,,,,,
Honey Trap,honeytrp,A,1284,121.5,14.6,10.5197,7.4,160.0,160.0,1.0,43.5,40.1,39.5,5.3,20.3,18.0,0.0,166.7,1284,1042.0,,,,,
Hydrogen Blueback,hydrblue,X,737,109.2,14.2,6.64,1.8,143.0,143.0,1.0,41.0,30.6,42.9,18.9,25.7,6.3,0.0,165.4,737,737,,,,,
HYPE THE CORE,hypecr25,A,1101,107.45,18.4,10.6155,3.0,190.0,190.0,1.0,24.9,52.6,23.3,20.9,29.1,10.0,0.0,160.8,1101,950.5,,,,,
HYPERION,hyperion,A,1264,120.1,16.0,10.3934,2.0,150.0,150.0,1.0,90.5,26.2,73.9,14.0,38.2,4.6,0.0,247.4,1264,1032.0,,,,,
I FIGHT ME,ifightme,X,1180,117.94,15.8,10.0017,0.8,175.0,175.0,1.0,5.9,58.4,4.5,2.8,13.1,1.1,29.7,115.5,1117,958.5,,,,,
I Love You,iloveyou,A,1362,118.59,16.4,11.3647,2.0,170.0,170.0,1.0,68.8,36.8,60.7,3.9,39.2,6.1,4.1,219.6,1360,1080.0,,,,,
I will be back-オレは帰ってきた-,iwilback,A,1416,107.44,19.0,13.0648,2.4,172.0,172.0,1.0,74.8,59.1,61.4,12.1,22.7,3.1,1.6,234.8,1415,1107.5,,,,,
i-ii,i_ii,A,1499,119.23,19.4,12.4617,3.4,155.0,155.0,1.0,70.8,34.3,54.8,23.2,31.2,17.6,10.5,242.4,1486,1143.0,,,,,
I'm so Happy,im_happy,A,1174,94.23,18.4,12.2968,2.4,181.0,181.0,1.0,45.1,46.4,33.5,11.6,21.1,8.8,0.0,166.5,1174,987.0,,,,,
IDC feat.REVERBEE (Mo'Cuts Ver),idc,A,1036,116.57,15.6,9.9442,5.4,140.0,140.0,1.0,15.6,33.9,3.8,0.0,11.7,59.0,0.0,124.0,1036,918.0,,,,,
IDOL syndrome.,idolsynd,X,1571,127.45,18.4,12.2547,1.6,145.0,145.0,1.0,69.8,65.8,63.3,14.8,20.5,5.4,68.8,308.4,1525,1162.5,,,,,
ILAYZA,ilayza,A,1433,109.5,15.4,12.9455,2.2,160.0,160.0,1.0,80.9,35.8,58.6,25.4,38.0,2.9,20.9,262.5,1405,1102.5,,,,,
IN BETWEEN,inbetwen,A,1201,111.09,15.4,10.6964,3.0,160.0,160.0,1.0,42.9,47.2,32.9,8.6,19.9,8.2,5.1,164.8,1197,998.5,,,,,
In the Blackest Den,in_black,A,1229,100.68,17.4,12.0832,3.8,177.0,177.0,1.0,49.2,19.8,58.2,11.0,17.5,10.6,0.0,166.3,1229,1014.5,,,,,
in the Sky,inthesky,A,1215,116.08,20.2,10.4414,2.8,180.0,180.0,1.0,17.1,67.8,6.5,8.4,19.9,5.9,0.0,125.6,1215,1007.5,,,,,
INAZUMA,inazuma,A,1326,110.37,16.6,11.8631,1.8,148.0,148.0,1.0,80.0,36.3,73.9,49.5,70.1,2.8,0.0,312.6,1326,1063.0,,,,,
INHERITANCE,inherita,A,1845,112.08,20.8,16.2584,5.0,180.0,180.0,1.0,96.1,51.9,75.8,9.4,22.6,11.6,17.3,284.7,1820,1310.0,,,,,
Inner Spirit,inspirit,A,1458,121.64,18.0,11.9164,3.8,146.0,146.0,1.0,76.4,38.7,68.6,21.9,52.2,13.9,0.0,271.7,1458,1129.0,,,,,
INORI,inori,A,1531,141.37,14.2,10.7718,1.2,146.0,146.0,1.0,90.8,26.5,100.8,13.3,109.8,1.9,0.0,343.1,1531,1165.5,,,,,
Insane Techniques,insanetc,A,1229,123.39,16.0,9.8387,4.8,146.0,146.0,1.0,46.0,33.2,41.7,10.1,23.8,22.8,0.0,177.6,1229,1014.5,,,,,
Into The Madness,into_mad,A,1286,114.68,16.6,11.0904,3.2,155.0,155.0,1.0,80.9,39.1,83.9,15.0,7.1,13.8,6.0,245.8,1281,1040.5,,,,,
INVISIBLE STRIX,invstrix,A,1157,123.99,14.6,9.2081,2.4,184.0,184.0,1.0,36.3,34.6,23.6,15.1,25.9,8.8,0.0,144.3,1157,978.5,,,,,
Jack,jack,X,1086,103.45,18.0,10.4288,1.2,116.0,116.0,1.0,64.1,47.5,52.3,36.3,91.1,2.3,0.0,293.6,1086,943.0,,,,,
Journey,journeko,X,950,115.71,11.4,8.1086,0.6,112.0,112.0,1.0,58.2,29.4,39.4,4.5,51.8,1.6,0.0,184.9,950,875.0,,,,,
Jungle Eater,jungleat,A,1517,118.78,17.0,12.6403,3.8,184.0,184.0,1.0,37.4,48.5,27.4,6.2,18.2,15.5,0.0,153.2,1517,1158.5,,,,,
Just a Little Smile,jalsmile,A,1272,118.24,16.4,10.6538,6.6,136.0,136.0,1.0,48.5,34.1,34.7,7.3,27.7,39.6,0.0,191.9,1272,1036.0,,,,,
Just Gimme,justgime,A,1393,120.08,20.0,11.4529,4.6,178.0,178.0,1.0,29.9,42.9,26.5,17.9,33.7,14.1,0.0,165.0,1393,1096.5,,,,,
Kailua,kailua,A,1125,108.6,16.4,10.2459,2.0,146.0,146.0,1.0,44.2,39.0,46.8,43.2,56.0,6.4,143.8,379.4,985,892.5,,,,,
Kecak,kecak,A,1121,119.24,14.0,9.3462,2.6,139.0,139.0,1.0,51.1,30.7,36.6,20.9,37.2,9.6,0.0,186.1,1121,960.5,,,,,
KEY,key,A,1381,120.0,16.2,11.3785,0.8,212.0,212.0,1.0,2.8,56.7,1.3,0.0,24.6,2.7,0.0,88.1,1381,1090.5,,,,,
KHAMEN BREAK,khamenbr,A,1248,129.33,13.4,9.5877,3.0,180.0,180.0,1.0,40.4,23.6,35.2,11.9,27.2,8.7,0.0,147.0,1248,1024.0,,,,,
kors k's How to make OTOGE CORE,korskhow,A,1180,126.93,21.4,9.2787,1.8,120.0,190.0,1.5833,18.7,67.7,16.7,3.9,32.3,6.5,3.6,149.4,1175,987.5,,,,,
kors k's Let's make an Image Song!,korskimg,A,1392,121.36,15.8,11.3869,3.6,176.0,176.0,1.0,26.4,43.2,25.4,5.5,11.5,14.7,26.1,152.8,1347,1073.5,,,,,
KYAMISAMA ONEGAI!,kyamsama,X,1062,120.0,12.4,8.7669,2.0,140.0,140.0,1.0,55.8,15.9,38.2,4.6,10.6,10.3,0.6,136.0,1061,930.5,,,,,
LA FESTA LA VITA!!,lafesta,A,1383,124.0,17.4,11.0464,4.2,180.0,180.0,1.0,21.3,55.6,11.6,4.7,22.2,21.8,0.0,137.2,1383,1091.5,,,,,
LAB,lab,X,1042,109.33,13.2,9.4073,2.6,180.0,180.0,1.0,30.6,25.8,39.7,10.4,48.8,6.9,0.0,162.2,1042,921.0,,,,,
LADYBIRD,ladybird,A,1219,107.54,16.8,11.9545,2.6,230.0,230.0,1.0,33.4,43.9,27.1,5.2,12.2,11.5,1.1,134.4,1217,1008.5,,,,,
LAST DAY,lastday,A,1551,117.8,17.6,13.0559,2.4,157.0,157.0,1.0,94.4,42.4,80.9,16.5,24.4,7.9,0.0,266.5,1551,1175.5,,,,,
Lawes's Parotia,lparotia,A,1294,114.86,16.2,11.2174,1.8,140.0,140.0,1.0,56.4,48.3,58.2,19.4,32.0,7.1,0.0,221.4,1294,1047.0,,,,,
Legendary Treasures,legendtr,A,1450,113.02,16.8,12.7035,1.4,172.0,172.0,1.0,38.5,77.9,32.3,3.8,17.6,3.0,22.0,195.1,1417,1108.5,,,,,
Let The Track Flow,lettrack,A,1279,111.17,18.2,11.3804,1.4,175.0,175.0,1.0,54.7,36.7,52.1,61.6,86.8,3.9,0.0,295.8,1279,1039.5,,,,,
Light and Cyber…,lt_cyber,A,1579,119.34,17.2,13.1183,2.2,181.0,181.0,1.0,81.3,43.3,56.9,2.0,13.4,4.1,0.0,201.0,1579,1189.5,,,,,
Lighting Shower,ltshower,A,1206,99.35,16.4,12.0,2.2,162.0,162.0,1.0,68.5,32.4,57.9,12.5,37.0,6.8,0.0,215.1,1206,1003.0,,,,,
"TAKA\,",likevamp,A,1351,115.65,16.0,12.1927,1.4,276.0,276.0,1.0,63.6,51.1,54.4,17.6,6.6,6.0,0.0,199.3,1351,1075.5,,,,,
Like+it!,like_it,A,1653,93.18,23.8,17.466,5.0,165.0,165.0,1.0,66.2,82.6,62.0,23.3,20.2,11.4,0.0,265.7,1653,1226.5,,,,,
Line 4 Ruin,lineruin,A,1383,112.34,16.8,12.1858,3.8,141.0,141.0,1.0,76.0,57.3,62.8,13.0,25.2,5.2,0.0,239.5,1383,1091.5,,,,,
Linus,linus,A,1052,105.52,16.4,9.8132,1.0,120.0,176.0,1.4667,20.1,50.8,22.1,12.8,18.6,3.1,0.0,127.5,1052,926.0,,,,,
Logic Board,logic,A,1173,110.77,14.0,10.4577,1.6,130.0,130.0,1.0,41.3,57.5,33.1,4.3,27.7,7.9,0.0,171.8,1173,986.5,,,,,
Lost wing at.0,lostwing,A,1141,121.95,15.2,10.1339,1.6,185.0,185.0,1.0,38.1,35.4,37.9,4.2,13.2,5.2,18.3,152.3,1124,962.0,,,,,
LOVE IS DREAMINESS,lvdream,A,0,0.0,0.0,0.0,0.0,178.0,178.0,1.0,0.0,0.0,0.0,0.0,0.0,0.0,0.0,0.0,0,1,,,,,
Love Is Eternity,loveter,A,1215,121.82,13.8,9.8672,1.4,140.0,140.0,1.0,87.8,23.1,76.7,7.3,31.2,3.5,0.0,229.6,1215,1007.5,,,,,
Lovely Howdy Cowboy!!,lhcowboy,A,1405,117.33,16.2,11.8966,3.6,180.0,180.0,1.0,39.2,45.7,27.5,5.1,16.1,14.3,15.9,163.8,1391,1095.5,,,,,
lowercase lifetime,lowercas,A,1407,120.59,16.8,11.6116,2.0,205.0,205.0,1.0,23.1,54.7,18.6,1.6,24.8,7.5,10.4,140.7,1398,1099.0,,,,,
Lucy,lucy,A,1069,113.94,14.4,9.2368,1.4,156.0,156.0,1.0,30.0,44.4,16.3,4.7,30.1,4.6,0.0,130.1,1069,934.5,,,,,
LUV TO ME(UCCHIE'S EDITION),luvuchi,A,764,96.0,14.0,7.9958,2.6,160.0,160.0,1.0,22.5,36.5,20.3,14.4,29.0,3.6,0.0,126.3,764,764,,,,,
m1dy Deluxe,m1dy_dx,A,1287,118.32,17.4,10.7647,9.0,205.0,205.0,1.0,41.9,23.9,18.1,9.0,85.4,20.0,0.0,198.3,1287,1043.5,,,,,
m1dy Dynamic,m1dydyna,A,1171,120.65,16.6,9.643,3.4,185.0,185.0,1.0,29.1,30.3,25.8,15.2,56.6,11.1,22.1,190.2,1144,972.0,,,,,
m1dy Festival,m1dy_fes,A,1211,121.6,15.6,9.8426,6.8,225.0,225.0,1.0,33.7,13.6,29.2,1.7,20.0,17.9,0.0,116.1,1211,1005.5,,,,,
Macuilxochitl,macuil,A,1543,107.84,22.0,16.2,1.4,148.0,148.0,1.0,95.2,67.5,94.3,25.9,43.6,3.9,0.0,330.4,1543,1171.5,,,,,
MAGIC & LOVE,magic_lv,A,1250,114.24,17.6,10.9579,3.4,185.0,185.0,1.0,30.1,48.0,24.3,13.5,30.1,9.0,0.0,155.0,1250,1025.0,,,,,
"藤森崇多\,",matsuri,A,1302,109.5,15.0,11.7418,4.0,160.0,160.0,1.0,47.6,44.3,47.4,3.9,17.7,11.8,3.0,175.7,1298,1049.0,,,,,
MAXIVCORD,maxivcrd,A,1254,95.06,19.2,13.6,2.0,154.0,154.0,1.0,64.6,58.1,57.8,17.7,29.2,2.6,20.8,250.8,1234,1017.0,,,,,
MENTAL MELTDOWN,meltdown,A,1372,114.31,18.4,11.8609,3.4,145.0,145.0,1.0,73.2,44.3,53.8,11.1,46.0,13.0,0.0,241.4,1372,1086.0,,,,,
Meteor☆Shower,meteorsw,A,1493,120.76,20.8,12.2314,3.6,177.0,177.0,1.0,32.0,49.3,36.2,10.4,24.3,12.4,18.4,183.0,1460,1130.0,,,,,
MINT,mint,A,1138,91.3,18.2,12.2783,0.6,150.0,150.0,1.0,70.0,53.9,59.2,24.9,39.7,1.9,0.0,249.6,1138,969.0,,,,,
Mira,mira,A,1542,124.24,17.4,12.3104,2.4,184.0,184.0,1.0,84.9,42.1,80.5,22.3,7.7,3.8,0.0,241.3,1542,1171.0,,,,,
MIRACLE MEETS,miraclem,A,827,120.0,14.4,6.8783,1.2,160.0,160.0,1.0,7.7,42.6,6.9,0.0,17.4,2.9,39.5,117.0,804,802.0,,,,,
MOCHIMOCHI DREAMIN!!,mochidrm,A,1530,118.68,17.0,12.9203,4.0,170.0,170.0,1.0,49.3,44.7,41.9,6.8,13.5,18.4,12.8,187.4,1506,1153.0,,,,,
Modular Technology,modulart,A,1372,107.29,16.6,12.6444,7.4,170.0,170.0,1.0,73.5,32.6,64.8,13.5,30.8,16.9,0.0,232.1,1372,1086.0,,,,,
Monkey Business,monkeybs,A,1324,116.75,16.0,11.2838,1.6,80.0,160.0,2.0,66.5,38.6,54.3,18.0,34.8,4.8,16.8,233.8,1305,1052.5,,,,,
Move UR Body,moveurbd,A,1327,115.29,17.0,11.3914,2.6,175.0,175.0,1.0,41.1,46.8,32.2,13.6,26.1,7.4,18.3,185.5,1302,1051.0,,,,,
Moving on,movingon,A,1385,119.22,17.4,12.737,1.6,153.0,153.0,1.0,83.6,44.1,65.5,14.8,27.7,4.6,0.0,240.3,1385,1092.5,,,,,
Mukade,mukade,A,1645,118.59,19.8,13.721,1.6,160.0,160.0,1.0,93.4,42.5,81.3,35.7,47.2,4.3,7.2,311.6,1638,1219.0,,,,,
murmur twins,murmur,A,1187,111.9,14.0,10.4893,1.2,174.0,174.0,1.0,44.8,30.5,47.0,8.8,40.8,5.8,0.0,177.7,1187,993.5,,,,,
MVP,mvp,A,1318,112.95,17.4,11.5274,4.6,100.0,100.0,1.0,71.1,61.0,60.1,21.5,32.0,22.9,2.7,271.3,1314,1057.0,,,,,
My Sweet Bird?,myswbird,X,1509,116.73,17.2,12.853,2.0,108.0,180.0,1.6667,38.5,60.8,39.4,8.4,20.5,5.7,0.0,173.3,1509,1154.5,,,,,
n'pa pa BBQ,npapabbq,A,1356,116.85,16.6,11.5043,1.6,300.0,300.0,1.0,54.5,56.4,39.1,17.5,39.6,3.9,4.7,215.7,1349,1074.5,,,,,
Nasty Techniques,nastytec,A,1210,124.9,18.2,10.1136,2.4,150.0,150.0,1.0,63.5,46.3,60.6,2.6,17.2,6.5,24.1,220.8,1190,995.0,,,,,
naughty girl@Queen's Palace,naughty,A,898,114.21,12.8,7.8737,8.0,145.0,145.0,1.0,10.9,28.8,10.9,0.0,3.8,51.3,0.0,105.7,898,849.0,,,,,
naughty girl@Queen's Palace†,naughtyl,A,1156,114.21,16.8,10.0487,7.8,145.0,145.0,1.0,23.4,45.0,22.6,0.6,9.2,46.6,0.0,147.4,1156,978.0,,,,,
Necroxis Girl,necroxis,A,1390,116.8,19.4,12.745,2.6,150.0,150.0,1.0,78.4,42.4,65.6,25.9,45.1,10.1,19.8,287.3,1368,1084.0,,,,,
NEMESIS,nemesis,A,532,117.16,13.8,8.1815,1.2,164.0,164.0,1.0,47.9,25.0,48.6,16.3,35.3,5.9,0.0,179.0,532,532,,,,,
NEMESIS-gratitude remix- IIDX Edition,nemesisp,A,1346,120.77,18.8,11.5483,1.6,175.0,175.0,1.0,54.0,45.8,46.6,15.0,49.9,3.4,0.0,214.7,1346,1073.0,,,,,
Nemophila,nemophla,A,1404,120.0,15.0,11.5868,1.4,170.0,170.0,1.0,51.5,40.2,51.9,13.4,31.4,3.1,24.2,215.7,1357,1078.5,,,,,
Neo Heritage,neoherit,A,1454,116.9,18.4,12.3863,5.0,150.0,150.0,1.0,66.2,49.7,54.8,12.7,21.9,16.2,0.0,221.5,1454,1127.0,,,,,
neogenesis,neogenes,X,789,112.95,11.0,6.8761,1.4,151.0,151.0,1.0,34.3,24.4,26.9,2.9,14.0,2.2,0.0,104.7,789,789,,,,,
Never Fade Away,nvrfade,A,1535,118.59,18.2,12.8101,1.6,170.0,170.0,1.0,75.2,50.9,59.8,3.9,22.5,6.5,0.0,218.8,1535,1167.5,,,,,
New Decade IIDX Edition,nwdecade,A,1539,112.88,19.0,13.4761,4.4,200.0,200.0,1.0,36.3,47.6,29.5,11.7,21.0,13.5,0.0,159.6,1539,1169.5,,,,,
NEW SENSATION-もう、あなたしか見えない-,new_sens,A,1263,118.8,15.0,10.5294,1.8,200.0,200.0,1.0,24.8,41.8,13.4,3.6,13.0,4.7,18.3,119.6,1238,1019.0,,,,,
Next Tales 2 Oath(IIDX 20th Anniv \ Theme),nexttale,A,1342,116.0,19.4,12.6604,3.6,180.0,180.0,1.0,65.0,44.0,39.3,23.5,31.7,7.1,0.0,210.6,1342,1071.0,,,,,
Night! Night! Night!,nightx3,A,1396,119.27,18.8,12.7486,3.0,165.0,165.0,1.0,70.1,43.9,62.2,7.4,21.8,12.0,0.0,217.4,1396,1098.0,,,,,
Night sky,nightsky,A,1469,122.5,19.0,11.9869,4.2,192.0,192.0,1.0,50.6,41.8,19.9,5.2,44.0,9.1,26.3,196.9,1439,1119.5,,,,,
No Limit 2 dAnce feat. 大山愛未,no2dance,A,1162,117.77,15.0,9.7424,4.8,155.0,155.0,1.0,37.2,38.1,29.6,9.3,22.6,8.6,0.0,145.4,1162,981.0,,,,,
No Tears,notears,A,1286,121.41,16.6,10.5148,1.6,170.0,170.0,1.0,30.8,63.4,30.7,4.9,28.4,4.5,0.0,162.7,1286,1043.0,,,,,
No.13,no13,A,1607,114.42,19.8,13.8748,3.6,172.0,172.0,1.0,86.7,38.7,59.0,12.4,30.5,6.5,0.0,233.8,1607,1203.5,,,,,
Nocturnal 2097,noct2097,A,1479,119.24,18.0,12.2483,1.8,157.0,157.0,1.0,66.8,46.3,56.8,13.9,22.2,4.2,38.8,249.0,1436,1118.0,,,,,
nostos,nostos,A,1135,125.29,18.4,9.0,1.0,86.0,144.0,1.6744,47.8,44.1,42.1,6.8,45.3,2.3,0.0,188.4,1135,967.5,,,,,
Ohayo!,ohayo,A,1202,118.4,18.0,11.228,3.6,150.0,150.0,1.0,43.4,57.8,39.4,10.8,27.8,13.3,5.4,197.9,1194,997.0,,,,,
On the FM,onthefm,A,1360,103.2,21.0,13.0519,4.8,200.0,200.0,1.0,36.1,62.8,26.8,7.0,27.5,17.6,4.4,182.2,1357,1078.5,,,,,
Onyx,onyx,A,1214,109.57,15.8,11.0,1.2,44.0,174.0,3.9545,30.0,49.9,19.8,3.0,10.4,3.0,32.1,148.2,1158,979.0,,,,,
OOO,ooo,X,1008,111.54,12.6,8.9375,1.0,140.0,140.0,1.0,34.0,44.5,27.9,7.9,21.0,3.1,0.0,138.4,1008,904.0,,,,,
OTOKOZAKA,otokozak,A,1485,124.5,19.0,11.848,1.8,160.0,160.0,1.0,85.3,32.3,48.9,17.2,45.8,5.2,0.0,234.7,1485,1142.5,,,,,
out of disk space,out_disk,A,1305,109.72,17.0,11.7236,3.2,120.0,190.0,1.5833,11.6,44.6,12.6,7.1,19.0,18.2,21.1,134.2,1281,1040.5,,,,,
Outbreak,outbreak,A,1503,120.69,17.6,12.3504,6.0,195.0,195.0,1.0,29.6,55.2,17.1,12.4,22.1,14.3,0.0,150.7,1503,1151.5,,,,,
outer wall,outwall,X,794,98.26,11.6,7.9333,2.0,149.0,149.0,1.0,20.8,31.4,7.3,0.0,38.4,9.1,0.0,107.0,794,794,,,,,
Overload Frontier,overload,A,1327,122.06,15.4,10.7577,4.4,175.0,175.0,1.0,33.1,27.9,27.8,2.3,20.6,25.1,0.0,136.8,1327,1063.5,,,,,
Overslept,ovrslept,A,1300,114.44,18.2,11.1965,2.6,170.0,170.0,1.0,57.6,45.3,46.7,12.1,28.3,5.0,0.0,195.0,1300,1050.0,,,,,
PAPAYAPA BASS,ppypbass,A,1428,120.82,15.2,11.7091,2.4,147.0,147.0,1.0,59.0,49.2,44.4,10.9,28.0,6.7,0.0,198.2,1428,1114.0,,,,,
Para siempre,psiempre,A,1461,124.0,18.4,11.6432,4.6,180.0,180.0,1.0,10.4,57.5,14.1,3.0,32.8,13.2,18.0,149.0,1421,1110.5,,,,,
PENDUAL TALISMAN,pendualt,A,1130,107.95,13.8,10.2907,2.8,120.0,160.0,1.3333,21.7,53.0,19.6,2.5,19.8,4.8,0.0,121.4,1130,965.0,,,,,
Perfect Plan,perfplan,A,1328,129.6,15.0,10.2062,1.4,150.0,150.0,1.0,49.9,38.7,47.9,5.7,15.9,5.1,48.0,211.2,1273,1036.5,,,,,
Pharaoh,pharaoh,A,1242,100.0,18.4,12.2792,2.2,180.0,180.0,1.0,35.7,54.8,31.1,3.5,15.6,8.5,0.0,149.2,1242,1021.0,,,,,
PHASE SHIFT MANEUVER,phasesft,A,1354,120.83,16.8,12.1927,2.4,163.0,163.0,1.0,59.7,41.4,65.7,12.9,23.8,5.6,7.8,216.9,1344,1072.0,,,,,
PILGRIM,pilgrim,A,1381,116.9,16.4,11.7744,1.0,150.0,150.0,1.0,79.6,45.5,65.9,14.4,33.2,2.5,1.0,242.1,1380,1090.0,,,,,
Playing With Fire,playfire,A,1043,100.5,17.6,11.6876,3.0,160.0,160.0,1.0,49.2,40.0,45.4,7.8,21.8,12.1,0.0,176.3,1043,921.5,,,,,
Plea Per Phase,ppphase,A,1395,124.8,16.0,11.144,2.4,150.0,150.0,1.0,70.0,48.1,55.4,4.0,21.2,7.4,0.0,206.1,1395,1097.5,,,,,
POLꓘAMAИIA,plkmania,A,1970,117.0,21.4,16.6542,4.4,160.0,160.0,1.0,81.8,52.3,67.3,16.1,62.3,20.3,12.4,312.5,1960,1380.0,,,,,
Pollinosis,pollino,A,1201,115.97,17.8,10.2293,2.4,145.0,145.0,1.0,59.0,62.4,59.1,24.3,40.4,6.3,0.0,251.5,1201,1000.5,,,,,
POODLE,poodle,X,1088,118.5,12.8,9.0756,2.2,160.0,160.0,1.0,40.0,34.4,25.6,6.0,31.2,5.7,0.0,142.9,1088,944.0,,,,,
PopなEDEN,pop_eden,A,1235,119.02,13.6,10.2367,0.8,305.0,305.0,1.0,41.1,52.8,37.0,2.9,14.8,2.1,0.0,150.7,1235,1017.5,,,,,
Pout,pout,A,1317,114.35,19.2,11.4261,2.4,170.0,170.0,1.0,34.8,67.8,24.3,3.3,12.5,6.8,30.5,180.0,1272,1036.0,,,,,
Programmed Genom,progenom,A,1214,120.1,15.8,9.9653,2.2,150.0,150.0,1.0,64.2,35.5,55.9,11.2,32.6,9.5,0.0,208.9,1214,1007.0,,,,,
Programmed Sun,prog_sun,A,1275,123.44,17.8,10.2355,3.0,144.0,144.0,1.0,70.9,40.0,61.4,8.8,21.6,6.8,14.9,224.4,1266,1033.0,,,,,
Programmed World,prgworld,A,1143,119.22,18.2,9.5133,1.8,153.0,153.0,1.0,66.6,44.3,64.5,3.4,14.0,3.5,0.0,196.3,1143,971.5,,,,,
prompt,prompt,A,1420,122.42,16.8,11.5122,1.4,198.0,198.0,1.0,28.2,51.7,33.9,9.2,28.0,2.0,0.0,153.0,1420,1110.0,,,,,
Psychedelic Intelligence,psychint,A,1448,131.2,14.4,10.9333,1.4,150.0,150.0,1.0,78.9,37.4,55.8,3.9,21.8,6.1,0.0,203.9,1448,1124.0,,,,,
Psycho Sheep Riddim,psysheep,X,1189,113.6,15.4,10.3526,5.2,150.0,150.0,1.0,22.4,55.0,23.3,13.4,19.5,33.3,51.5,218.4,1117,958.5,,,,,
",",punch_lv,X,1222,120.0,15.4,10.0645,1.0,172.0,172.0,1.0,36.6,54.9,35.4,8.1,17.3,3.3,0.0,155.6,1222,1011.0,,,,,
quasar,quasar,A,1113,117.77,18.6,9.4136,1.2,155.0,155.0,1.0,87.7,29.4,68.7,3.3,14.1,2.0,0.0,205.2,1113,956.5,,,,,
Queen Kaguya,q_kaguya,A,1274,121.2,17.6,10.7932,3.8,200.0,200.0,1.0,24.4,38.3,23.8,7.3,21.2,9.6,35.9,160.5,1216,1008.0,,,,,
Quick Silver,q_silver,A,1233,111.28,16.4,10.9964,3.2,172.0,172.0,1.0,49.8,46.7,39.5,5.0,15.5,8.2,75.2,239.9,1228,1014.0,,,,,
R5,r5,A,832,95.67,15.8,8.6167,2.2,180.0,180.0,1.0,1.7,50.8,1.0,56.3,84.5,5.4,0.0,199.7,832,816.0,,,,,
rainbow flyer,rbwflyer,A,1037,116.86,15.6,8.9009,1.2,148.0,148.0,1.0,72.4,31.8,56.1,14.9,45.6,3.2,0.0,224.0,1037,918.5,,,,,
rainbow guitar weeps,rbguitar,A,1370,118.46,18.4,11.4874,0.8,156.0,156.0,1.0,64.5,49.3,59.5,26.4,45.3,1.8,0.0,246.8,1370,1085.0,,,,,
rainbow rainbow,rbwrbw,A,1223,112.54,17.6,10.7841,2.6,177.0,177.0,1.0,35.1,54.7,30.0,13.1,45.8,4.6,0.0,183.3,1223,1011.5,,,,,
Raison d'être～交差する宿命～,raison,A,1152,126.22,14.2,9.0346,2.8,120.0,175.0,1.4583,55.5,20.2,61.7,8.2,17.3,7.0,0.0,169.9,1152,976.0,,,,,
Raspberry Potion(feat.あれたん♡ & ぎゃるのしん☆),rspotion,A,1267,123.47,16.4,10.3721,2.0,177.0,177.0,1.0,32.0,46.9,23.7,8.6,23.7,8.6,6.8,150.3,1262,1031.0,,,,,
Rave lithosphere,ravelith,A,1229,112.94,16.6,11.9882,4.0,170.0,170.0,1.0,48.2,49.9,37.5,8.8,22.9,9.6,0.0,176.9,1229,1014.5,,,,,
Rave Saves You feat. Cardz(Exclusive IIDX Mix),ravesave,A,1170,120.84,18.0,9.6149,4.4,143.0,143.0,1.0,30.7,39.5,22.9,7.3,23.5,17.6,0.0,141.5,1170,985.0,,,,,
RAVE SYNDROME,ravesynd,A,1402,122.18,17.2,11.3642,3.2,165.0,165.0,1.0,44.1,47.6,23.0,3.1,18.5,14.6,0.6,151.5,1401,1100.5,,,,,
Realize Maze,realmaze,A,1503,127.25,16.2,11.7234,1.6,149.0,149.0,1.0,61.0,59.8,48.5,13.5,46.4,5.6,0.0,234.8,1503,1151.5,,,,,
Red Determination,redeterm,A,1355,117.33,16.0,11.4644,6.8,180.0,180.0,1.0,56.6,30.1,42.3,11.2,23.1,25.8,37.6,226.7,1308,1054.0,,,,,
Red Soul,redsoul,A,1494,120.08,18.4,12.3008,6.8,180.0,180.0,1.0,75.9,44.6,71.8,16.4,2.5,35.0,0.0,246.2,1494,1147.0,,,,,
refractive index,refindex,A,1360,113.77,14.2,11.8351,1.8,154.0,154.0,1.0,77.2,37.1,62.7,5.5,34.2,5.5,0.0,222.2,1360,1080.0,,,,,
Rejection Girl,rejegirl,A,1352,120.0,18.4,11.265,2.2,174.0,174.0,1.0,43.3,44.1,32.3,3.8,17.8,9.0,51.8,202.1,1253,1026.5,,,,,
RESONATE 1794,reso1794,A,951,126.0,14.4,7.4835,2.6,160.0,160.0,1.0,31.8,28.5,24.1,13.4,31.2,8.1,0.0,137.1,951,875.5,,,,,
Ride To The Core,ridecore,A,1279,113.06,17.6,11.1807,4.0,240.0,240.0,1.0,9.6,36.7,11.9,2.2,6.8,8.7,0.0,75.9,1279,1039.5,,,,,
RISING FIRE HAWK,risehawk,A,1372,114.65,18.0,11.9965,3.0,157.0,157.0,1.0,54.8,53.7,50.3,17.4,44.3,8.2,0.0,228.7,1372,1086.0,,,,,
RISLIM-Remix-,rislimr,A,927,103.64,15.2,8.7462,2.0,132.0,132.0,1.0,31.8,48.2,21.3,12.2,80.9,9.7,0.0,204.1,927,863.5,,,,,
Ritual of Anubis,ritual_a,A,1422,109.97,18.0,12.8127,3.8,190.0,190.0,1.0,32.7,48.7,21.1,1.6,14.8,19.4,0.0,138.3,1422,1111.0,,,,,
Rock It,rock_it,A,892,117.18,14.2,8.4438,3.0,170.0,170.0,1.0,50.2,26.9,44.8,33.2,42.8,5.3,0.0,203.2,892,846.0,,,,,
Rock Da House,rokhouse,A,947,104.23,13.6,8.9924,2.2,175.0,175.0,1.0,29.4,35.7,22.5,2.5,4.1,7.3,0.0,101.5,947,873.5,,,,,
"ROCK女 feat. 大山愛未, Ken",rockonna,A,1337,116.9,16.8,11.9081,2.6,150.0,150.0,1.0,77.2,35.3,60.9,24.6,61.8,6.8,21.0,287.6,1312,1056.0,,,,,
Romanticが止まらない,romatoma,A,1367,108.15,15.6,12.5138,1.6,162.0,162.0,1.0,45.6,65.0,39.3,1.6,12.6,4.3,0.0,168.4,1367,1083.5,,,,,
R∞tAge,rootage,A,1395,126.4,16.0,12.1217,5.0,150.0,150.0,1.0,58.0,50.4,51.6,18.2,21.9,11.5,0.0,211.6,1395,1097.5,,,,,
Rosa azuL,rosaazul,A,1417,110.03,17.0,12.7351,3.4,155.0,155.0,1.0,79.3,38.3,64.6,9.5,28.9,11.3,0.0,231.9,1417,1108.5,,,,,
ROTTERDAM SHOGUN,rtshogun,A,1230,112.24,14.0,10.7947,3.4,199.0,199.0,1.0,15.2,48.2,10.7,5.7,18.8,13.6,15.9,128.1,1204,1002.0,,,,,
rough percussionythm,roughper,A,1295,122.14,14.8,10.4602,6.8,175.0,175.0,1.0,24.0,29.4,15.9,5.5,13.9,57.0,29.9,175.6,1259,1029.5,,,,,
Routing,routing,A,1284,113.33,15.6,11.1965,6.0,144.0,144.0,1.0,36.8,46.0,30.8,6.9,24.5,32.0,0.0,177.0,1284,1042.0,,,,,
ROZA DE ANDALUCIA,rozaanda,A,1430,120.63,15.8,12.7429,1.8,191.0,191.0,1.0,47.8,30.0,46.1,24.4,42.7,8.2,0.0,199.2,1430,1115.0,,,,,
Rubrum Piano,rubpiano,A,1253,103.5,18.2,12.0462,1.4,160.0,160.0,1.0,74.6,45.7,77.0,14.9,10.0,5.4,0.0,227.6,1253,1026.5,,,,,
Ruler or Loser,rulerorl,A,1339,117.33,17.2,11.2678,2.0,174.0,174.0,1.0,36.4,51.5,27.3,21.2,44.4,4.4,8.0,193.2,1324,1062.0,,,,,
rumrum triplets,rumrum,A,1541,125.0,17.2,12.2206,1.8,192.0,192.0,1.0,53.8,45.8,47.0,4.5,20.3,5.0,0.0,176.4,1541,1170.5,,,,,
S!ck,sick,A,1365,120.76,17.8,11.157,4.8,177.0,177.0,1.0,48.1,36.6,37.2,10.7,20.5,13.0,3.3,169.4,1360,1080.0,,,,,
S!ck (Nhato Remix),sick_r,A,1279,111.81,16.8,11.3375,2.8,174.0,174.0,1.0,60.9,31.4,53.0,7.4,22.8,5.1,31.4,212.0,1249,1024.5,,,,,
SABER WING,saberwng,A,1049,117.47,20.2,8.981,1.4,37.0,444.0,12.0,14.8,60.0,13.7,3.4,14.5,2.9,0.0,109.3,1049,924.5,,,,,
Sakura Mirage,sakuramr,A,1087,102.75,18.0,10.4311,3.4,187.0,187.0,1.0,38.4,33.1,27.1,5.0,37.0,9.7,10.6,160.9,1080,940.0,,,,,
Sakura Reflection,sakurarf,A,1025,100.86,17.4,10.0554,1.4,181.0,181.0,1.0,9.6,61.2,9.8,0.0,4.7,5.4,21.1,111.8,1000,900.0,,,,,
Sarutobi Champion is 拙者,sarutobi,A,1153,104.77,19.4,10.9486,4.0,120.0,195.0,1.625,48.6,37.1,47.4,22.1,42.7,12.5,0.0,210.4,1153,976.5,,,,,
satellite020712 from \,sa2712ac,A,1178,110.26,17.2,10.564,5.2,154.0,154.0,1.0,53.7,45.1,45.9,4.6,17.0,12.4,0.0,178.7,1178,989.0,,,,,
Scandal,scandal,A,1476,97.05,20.2,15.002,2.0,120.0,228.0,1.9,80.3,48.8,61.0,20.6,58.9,3.9,54.0,327.5,1412,1106.0,,,,,
Scarlet Moon,scarmoon,A,1193,109.33,16.4,10.7964,3.0,180.0,180.0,1.0,44.8,41.6,43.0,6.5,20.3,7.0,4.9,168.1,1192,996.0,,,,,
Scars of FAUNA,scrfauna,A,1447,118.91,18.6,12.0538,0.6,165.0,165.0,1.0,36.4,73.5,30.7,2.6,19.4,1.2,57.7,221.5,1370,1085.0,,,,,
Scharfrichter,scharfri,A,1458,121.94,18.6,11.941,1.6,217.0,217.0,1.0,14.1,53.4,10.7,5.3,11.9,4.2,42.3,141.9,1411,1105.5,,,,,
SCHWARZSCHILD FIELD,schwarzs,A,1168,102.5,19.0,11.2252,3.4,150.0,150.0,1.0,64.9,32.0,50.5,14.7,52.1,18.2,0.0,232.4,1168,984.0,,,,,
Scripted Connection⇒ N mix,script_n,X,979,108.18,13.8,9.0167,1.8,151.0,151.0,1.0,54.5,26.8,41.4,9.3,33.6,8.6,0.0,174.2,979,889.5,,,,,
Second Heaven,secondhv,A,1032,114.46,19.2,8.927,3.2,149.0,149.0,1.0,28.1,51.4,23.9,0.7,37.1,5.3,0.0,146.5,1032,916.0,,,,,
Secret of Love,seclove,A,968,115.65,14.0,8.3096,1.2,162.0,162.0,1.0,44.7,25.6,40.7,8.8,40.1,2.7,0.0,162.6,968,884.0,,,,,
See You Again,seeyouag,A,1584,124.89,16.6,12.5616,3.6,175.0,175.0,1.0,47.1,41.3,39.9,0.0,8.8,16.2,0.0,153.3,1584,1192.0,,,,,
SEITEN NO TERIYAKI,sei_teri,A,1223,116.0,16.4,10.5635,2.2,137.0,273.0,1.9927,60.6,47.1,41.8,11.5,16.0,8.6,29.7,215.3,1193,996.5,,,,,
Selfish Sweet,selfishs,X,877,112.0,10.4,7.7239,2.0,135.0,135.0,1.0,28.0,27.0,25.4,3.1,11.6,8.9,0.0,104.0,877,838.5,,,,,
SEQUENCE CAT,sequence,A,1385,120.93,16.6,11.3289,1.0,145.0,145.0,1.0,86.7,40.3,78.2,2.1,14.5,2.9,0.0,224.7,1385,1092.5,,,,,
Seraph,seraph,A,1227,116.67,17.8,10.4547,1.0,216.0,216.0,1.0,6.5,54.2,6.6,0.0,7.1,2.3,14.8,91.5,1222,1011.0,,,,,
Session 1-Genesis-,session1,A,1225,105.54,18.0,11.4811,1.2,79.0,178.0,2.2532,61.2,50.8,59.5,11.6,19.5,3.2,59.7,265.5,1169,984.5,,,,,
SHADE,shade,A,0,0.0,0.0,0.0,0.0,151.0,151.0,1.0,0.0,0.0,0.0,0.0,0.0,0.0,0.0,0.0,0,1,,,,,
Shadow World,shadowld,A,1369,122.67,16.0,11.218,1.0,180.0,180.0,1.0,34.0,56.3,29.4,5.3,10.4,2.7,0.0,138.1,1369,1084.5,,,,,
SHELTER OF THE MIND,shelter,A,1521,131.03,15.6,11.4621,2.2,185.0,185.0,1.0,29.9,42.7,33.2,12.3,43.6,5.9,0.0,167.6,1521,1160.5,,,,,
Shiva,shiva,A,963,104.1,15.2,10.3183,3.6,150.0,150.0,1.0,65.0,23.9,39.5,11.7,15.0,8.7,9.5,173.3,958,879.0,,,,,
Shoot'Em All,shoot_em,A,1247,135.79,16.2,9.0765,2.0,152.0,152.0,1.0,55.9,34.8,53.7,6.0,31.9,10.8,0.0,193.1,1247,1023.5,,,,,
Show Me All Your Love,showlove,A,1482,123.73,18.4,11.8597,2.2,165.0,165.0,1.0,57.4,41.5,46.5,21.3,33.6,7.9,0.0,208.2,1482,1141.0,,,,,
Six String Proof,sixproof,A,1164,107.08,16.6,10.9811,1.6,130.0,130.0,1.0,75.0,38.4,74.3,21.7,48.8,7.4,26.1,291.7,1123,961.5,,,,,
smile,smile,A,1210,125.79,16.6,9.8311,3.0,189.0,189.0,1.0,29.3,43.6,26.7,4.8,27.4,10.6,0.0,142.4,1210,1005.0,,,,,
smooooch・∀・,smooooch,X,1089,111.27,13.8,9.6589,2.6,177.0,177.0,1.0,14.2,36.1,15.7,4.7,14.9,8.5,0.0,94.1,1089,944.5,,,,,
Smug Face-どうだ、オレの生き様は-(ONLY ONE EDITION),smugface,A,1330,121.48,16.2,10.8623,1.6,162.0,162.0,1.0,80.8,35.2,54.1,16.2,43.9,4.0,8.0,242.2,1322,1061.0,,,,,
SnapSkipSpark,snapskip,A,1466,120.65,15.8,12.0942,2.4,185.0,185.0,1.0,33.0,67.0,26.0,0.5,6.5,3.9,0.0,136.9,1466,1133.0,,,,,
Snow Goose,snwgoose,A,1107,96.6,17.6,11.3278,1.2,200.0,200.0,1.0,66.1,25.2,59.0,10.4,28.8,0.8,0.0,190.3,1107,953.5,,,,,
Souhait bleu,souhaitb,A,1407,100.27,25.4,13.8277,3.4,225.0,225.0,1.0,44.6,40.9,42.5,11.3,44.1,6.4,62.3,252.1,1338,1069.0,,,,,
SOUND OF GIALLARHORN,sgiallar,A,1585,129.21,17.8,12.1431,2.2,184.0,184.0,1.0,32.3,58.2,23.6,9.3,31.9,4.4,0.0,159.7,1585,1192.5,,,,,
SPACE FIGHT,spfight,A,905,100.25,17.4,9.5319,1.6,139.0,139.0,1.0,51.9,46.2,42.9,7.4,28.0,5.5,0.0,181.9,905,852.5,,,,,
Space In Time,spaceint,A,1047,117.63,13.8,8.8051,3.6,120.0,174.0,1.45,31.6,23.6,29.6,17.7,11.9,16.4,47.6,178.4,990,895.0,,,,,
Sparkle Smilin',s_smilin,A,1243,109.42,15.4,11.3284,1.8,180.0,180.0,1.0,22.6,47.2,18.2,8.8,16.7,4.3,16.2,134.0,1227,1013.5,,,,,
Speculation,speculat,A,1530,113.76,19.8,13.3053,2.8,190.0,190.0,1.0,37.4,67.7,32.7,11.5,27.4,6.4,13.4,196.5,1507,1153.5,,,,,
Spica,spica,A,1167,105.12,18.8,11.3725,1.8,128.0,128.0,1.0,70.4,34.5,72.4,16.9,126.1,5.6,0.0,325.9,1167,983.5,,,,,
squall,squall,A,1369,114.95,18.2,11.8087,1.4,190.0,190.0,1.0,52.3,40.9,39.3,1.3,11.9,3.6,0.0,149.3,1369,1084.5,,,,,
Squeeze,squeeze,A,1257,104.05,17.0,11.92,4.8,173.0,173.0,1.0,59.3,39.4,56.0,9.1,24.9,7.1,0.0,195.8,1257,1028.5,,,,,
Star Trail,strtrail,X,1045,116.76,15.4,8.9214,2.6,148.0,148.0,1.0,48.2,35.6,38.0,7.7,18.4,7.2,66.4,221.5,974,887.0,,,,,
Stargazing Trip ～星 探す旅～ ft. 小林マナ,stgztrip,A,1344,119.35,16.6,11.175,1.0,185.0,185.0,1.0,15.4,57.2,12.5,0.0,1.6,3.3,8.3,98.3,1336,1068.0,,,,,
STARLiGHT,strlight,A,1399,124.3,16.6,11.1376,4.8,199.0,199.0,1.0,13.9,49.0,10.1,9.0,22.4,19.5,0.0,123.9,1399,1099.5,,,,,
STARLIGHT JUNCTION,starjunc,X,1106,118.5,13.6,9.2521,2.4,160.0,160.0,1.0,31.7,32.1,31.1,2.6,7.9,7.0,0.0,112.4,1106,953.0,,,,,
State Of The Art,sotart24,A,1570,120.77,16.4,12.8744,1.4,155.0,155.0,1.0,102.4,37.9,81.7,8.0,31.2,2.6,0.0,263.8,1570,1185.0,,,,,
Stella Sinistra,sinistra,A,1189,113.5,17.4,10.4,1.2,120.0,180.0,1.5,78.4,45.3,75.2,17.1,6.3,4.3,0.0,226.6,1189,994.5,,,,,
STELLAR WIND,stellar,A,1291,112.69,18.0,11.2938,2.2,162.0,162.0,1.0,64.0,35.6,51.9,35.3,59.2,6.6,0.0,252.6,1291,1045.5,,,,,
stoic,stoic,A,1120,111.97,16.2,9.8696,1.2,155.0,155.0,1.0,71.9,29.8,47.5,7.2,45.1,3.6,0.0,205.1,1120,960.0,,,,,
STOIC HYPOTHESIS,stoichyp,A,1442,120.0,15.2,11.8694,2.4,170.0,170.0,1.0,65.1,35.6,56.3,4.8,23.0,7.5,0.0,192.3,1442,1121.0,,,,,
STRAIGHT TO THE STARS,straitst,A,1506,115.44,18.0,12.9224,1.6,158.0,158.0,1.0,85.9,48.4,67.2,5.4,26.3,5.0,0.0,238.2,1506,1153.0,,,,,
Stylus,stylus,A,1440,109.18,16.0,13.1743,2.8,165.0,165.0,1.0,72.3,43.6,60.4,16.6,38.3,6.7,0.0,237.9,1440,1120.0,,,,,
Submerge Serenade,submerge,A,2103,123.82,22.2,16.921,4.0,157.0,157.0,1.0,107.6,62.1,92.8,17.9,38.6,11.5,7.1,337.6,2097,1448.5,,,,,
Substance,substanc,A,1578,123.85,16.6,12.6532,4.6,120.0,174.0,1.45,85.8,29.4,80.7,22.9,33.9,13.3,0.0,266.0,1578,1189.0,,,,,
Sun Field,sunfield,A,1234,105.79,16.2,11.5792,2.4,152.0,152.0,1.0,56.7,45.0,46.0,6.5,25.2,9.7,0.0,189.1,1234,1017.0,,,,,
SUNLiGHT (IIDX Mix),sunlight,A,1309,104.56,19.4,13.0889,0.4,170.0,170.0,1.0,88.8,46.6,64.5,14.3,41.3,0.8,0.0,256.3,1309,1054.5,,,,,
SUPER HEROINE!!,sheroine,A,1187,107.1,16.0,11.0916,2.4,186.0,186.0,1.0,38.0,42.1,29.4,6.3,15.0,10.3,27.9,169.0,1166,983.0,,,,,
Swarm Of Scarabs,swarmofs,A,1212,109.09,15.6,11.0091,4.4,110.0,110.0,1.0,69.9,42.1,56.7,19.0,58.9,21.6,19.7,287.9,1188,994.0,,,,,
SWEETEST SAVAGE,savagecp,A,916,105.26,13.8,8.6226,4.8,114.0,114.0,1.0,38.5,26.0,27.8,11.2,79.4,38.0,0.0,220.9,916,858.0,,,,,
Swing My Wonderland,swingmyw,A,1570,125.65,16.0,12.446,2.2,170.0,170.0,1.0,54.9,51.8,53.3,6.1,19.3,7.8,0.0,193.2,1570,1185.0,,,,,
Synergy For Angels,synergy,A,1327,112.5,17.2,11.7204,2.0,160.0,160.0,1.0,75.1,42.3,58.1,8.9,26.6,3.9,0.0,214.9,1327,1063.5,,,,,
T.R.O.L.L.,troll,A,1329,119.3,17.8,11.035,4.0,100.0,160.0,1.6,44.0,45.2,45.9,14.7,22.9,20.1,0.0,192.8,1329,1064.5,,,,,
Tail Lights,tailight,A,1589,124.62,19.0,12.6912,0.6,156.0,156.0,1.0,75.5,56.4,68.4,26.6,57.5,1.0,0.0,285.4,1589,1194.5,,,,,
Take It Easy,take_ez,A,379,124.1,13.6,5.7273,1.0,205.0,205.0,1.0,3.0,45.2,3.0,0.0,17.5,4.1,0.0,72.8,379,379,,,,,
Take My Life,takelife,A,1340,117.94,17.2,11.5362,1.2,175.0,175.0,1.0,70.9,41.7,63.7,8.2,9.2,4.8,0.0,198.5,1340,1070.0,,,,,
TECHNO RUMBLE,tcrumble,A,1481,122.91,17.2,11.9398,2.6,170.0,170.0,1.0,75.6,27.7,52.8,18.5,30.6,12.8,4.3,222.3,1480,1140.0,,,,,
Tell me what you wish feat.らっぷびと,tellwhat,A,1436,128.87,13.8,11.0295,1.4,203.0,203.0,1.0,28.9,39.8,27.2,11.3,12.3,2.6,0.0,122.1,1436,1118.0,,,,,
Temple of Anubis,t_anubis,A,1335,128.61,16.2,10.2899,5.8,155.0,155.0,1.0,37.6,40.8,31.3,9.6,31.8,18.0,13.4,182.5,1317,1058.5,,,,,
THE BLACK KNIGHT,tbknight,A,1471,121.66,18.8,11.9836,2.0,154.0,154.0,1.0,85.9,42.9,71.7,21.0,38.9,1.9,16.2,278.5,1459,1129.5,,,,,
THE CANNONBALLER,tcannonb,A,1726,131.29,18.8,13.0545,2.2,170.0,170.0,1.0,70.6,49.9,63.9,13.4,42.6,6.4,0.0,246.8,1726,1263.0,,,,,
THE DETONATOR,the_deto,A,1636,138.73,16.0,11.7554,2.8,173.0,173.0,1.0,32.4,59.5,28.1,7.3,30.2,9.5,0.0,167.0,1636,1218.0,,,,,
The Dirty of Loudness,thedirty,A,1263,101.82,18.8,12.3353,1.8,165.0,165.0,1.0,66.5,77.1,45.9,11.5,24.1,5.4,0.0,230.5,1263,1031.5,,,,,
THE FALLEN,t_fallen,A,1327,110.66,18.2,11.9387,2.2,167.0,167.0,1.0,45.6,57.6,41.2,13.6,14.7,7.7,0.0,180.4,1327,1063.5,,,,,
THE LAST STRIKER,tlaststr,A,1309,120.73,18.2,11.2362,0.8,185.0,185.0,1.0,49.4,41.3,40.5,8.6,33.0,1.8,0.0,174.6,1309,1054.5,,,,,
the shadow,t_shadow,A,1232,130.77,16.4,9.3969,3.0,156.0,156.0,1.0,69.1,33.4,58.0,18.2,46.9,4.5,0.0,230.1,1232,1016.0,,,,,
THE SHINING POLARIS(kors k mix),tpolak30,A,1645,125.67,18.4,12.9587,5.0,172.0,172.0,1.0,88.8,31.5,53.0,5.7,15.9,16.3,0.0,211.2,1645,1222.5,,,,,
THE TIME MACHINE,timemchn,A,1350,117.68,17.4,11.4237,3.0,155.0,155.0,1.0,83.7,34.7,68.5,3.3,16.1,9.0,2.9,218.2,1347,1073.5,,,,,
the trigger of innocence,trigger,X,775,129.6,10.6,5.96,0.2,150.0,150.0,1.0,5.4,38.7,5.8,0.0,24.0,0.1,0.0,74.0,775,775,,,,,
Theory,theory,A,0,0.0,0.0,0.0,0.0,102.0,146.0,1.4314,0.0,0.0,0.0,0.0,0.0,0.0,0.0,0.0,0,1,,,,,
This Is Club Musik feat. 大久保紅葉,tclubmzk,A,1343,116.45,17.2,11.4137,5.4,165.0,165.0,1.0,58.6,36.6,43.4,5.1,27.4,19.0,0.0,190.1,1343,1071.5,,,,,
(This Is Not) The Angels,theangel,A,1240,118.83,16.6,10.4237,2.2,33.0,130.0,3.9394,63.9,52.5,53.5,8.3,33.5,6.7,0.0,218.4,1240,1020.0,,,,,
Time Distortion pt.2(IIDX Edit),timedist,A,1492,116.9,17.4,12.6479,1.8,150.0,150.0,1.0,73.7,54.2,65.2,5.3,16.6,4.9,0.0,219.9,1492,1146.0,,,,,
Time To Empress,time2emp,X,1362,108.75,14.6,12.3761,1.6,148.0,148.0,1.0,67.3,50.8,52.7,6.1,24.2,5.7,11.7,218.5,1343,1071.5,,,,,
TOKAKU=ALMiRAJ,tokakual,A,1477,115.76,16.0,12.6655,4.6,170.0,170.0,1.0,59.8,25.7,52.0,4.8,17.0,26.7,0.0,186.0,1477,1138.5,,,,,
ToyCube Pf.(RX-Ver.S.P.L.),toycube,X,1144,118.51,13.0,9.5916,1.6,120.0,180.0,1.5,11.0,45.7,11.6,0.0,23.4,4.6,0.0,96.3,1144,972.0,,,,,
TRIP THE DEEP,tripdeep,A,1289,124.44,17.4,10.3452,7.8,135.0,135.0,1.0,59.1,30.2,48.9,21.4,42.0,47.6,0.0,249.2,1289,1044.5,,,,,
tripping contact(teranoid&MC Natsack Remix),trip_mc,A,1207,116.87,18.0,10.2879,1.6,187.0,187.0,1.0,28.2,37.5,31.4,9.3,25.0,7.1,0.0,138.5,1207,1003.5,,,,,
Tropical April,tropical,A,1178,108.13,19.2,10.7743,3.4,182.0,182.0,1.0,19.6,59.4,24.7,12.9,17.0,8.8,0.0,142.4,1178,989.0,,,,,
TYPE MARS(G-Style Mix),typemars,A,1150,116.32,14.8,9.7504,2.2,159.0,159.0,1.0,64.5,23.0,57.0,21.1,46.2,4.7,0.0,216.5,1150,975.0,,,,,
U.S.A.,usa,A,1370,119.32,16.8,12.3945,2.0,177.0,177.0,1.0,36.2,50.6,27.2,11.5,22.3,8.0,0.0,155.8,1370,1085.0,,,,,
Uh-Oh,uh_oh,A,1228,122.14,16.8,9.9447,7.6,175.0,175.0,1.0,20.0,35.2,17.4,1.5,16.2,37.6,0.0,127.9,1228,1014.0,,,,,
UMMU,ummu,A,1540,120.0,17.0,12.6942,4.8,180.0,180.0,1.0,54.3,36.1,35.7,11.4,28.2,18.0,13.2,196.9,1520,1160.0,,,,,
UNDERWORLD HOLOGRAPHY,undrholo,A,1531,124.49,17.0,13.2348,1.4,187.0,187.0,1.0,55.3,51.8,48.0,6.1,31.5,4.1,0.0,196.8,1531,1165.5,,,,,
Unicorn tail,unicorn,A,1588,134.21,20.0,11.7378,2.4,170.0,170.0,1.0,45.5,53.9,43.7,11.8,24.2,5.3,0.0,184.4,1588,1194.0,,,,,
UNITE THE HEART,unitehrt,A,1555,129.73,16.0,12.835,2.2,185.0,185.0,1.0,48.4,46.8,45.7,11.7,26.8,7.1,0.0,186.5,1555,1177.5,,,,,
Urban Constellations,urbancon,A,1063,116.41,14.8,10.017,2.0,167.0,167.0,1.0,54.3,33.2,53.4,7.5,13.7,5.0,22.3,189.4,1041,920.5,,,,,
Usual Days-remix,usualday,A,1154,112.23,15.0,10.2357,1.6,139.0,139.0,1.0,60.6,37.2,59.3,40.6,79.7,5.6,0.0,283.0,1154,977.0,,,,,
V2,v2_taka,A,1682,126.4,22.6,13.2331,2.0,150.0,150.0,1.0,72.0,61.1,66.7,50.6,57.8,3.7,0.0,311.9,1682,1241.0,,,,,
Valgus,valgus,A,1206,122.06,16.8,9.787,2.6,175.0,175.0,1.0,26.0,50.1,24.0,5.7,26.0,12.1,0.0,143.9,1206,1003.0,,,,,
VALKYRIAS -英雄誕生-,valkyris,A,1280,121.3,15.8,11.3357,3.4,184.0,184.0,1.0,25.3,47.6,19.0,6.5,13.5,10.0,0.0,121.9,1280,1040.0,,,,,
VALLIS-NERIA,vallis,A,1487,128.43,18.0,11.5147,2.4,185.0,185.0,1.0,27.6,65.1,21.8,1.0,32.6,6.5,116.4,271.0,1443,1121.5,,,,,
VEGA,vega,A,1582,119.37,19.8,13.1633,2.6,191.0,191.0,1.0,41.0,60.0,32.0,10.8,32.9,9.2,0.0,185.9,1582,1191.0,,,,,
Ventriloquist,ventrilq,A,1232,114.35,14.4,10.6365,2.2,170.0,170.0,1.0,32.9,55.9,35.6,3.4,9.8,5.4,0.0,143.0,1232,1016.0,,,,,
Victory Of Ravers,vcravers,A,1301,111.91,16.0,11.5625,3.8,178.0,178.0,1.0,16.4,56.6,15.2,2.8,9.8,20.1,7.2,128.1,1288,1044.0,,,,,
Violet Rose,violrose,A,1294,105.79,16.8,12.1925,2.4,152.0,152.0,1.0,61.1,53.4,50.8,9.7,49.7,3.5,0.0,228.2,1294,1047.0,,,,,
Vitamin,vitamin,A,1346,124.59,14.6,10.6992,2.6,160.0,160.0,1.0,54.1,34.0,36.1,4.6,13.6,11.2,6.1,159.7,1337,1068.5,,,,,
voice of echo.,voicecho,A,1392,113.91,18.4,12.1368,2.6,175.0,175.0,1.0,52.8,35.3,40.9,13.1,24.8,5.5,28.6,201.0,1356,1078.0,,,,,
Volcanic Dragon,vldragon,A,1384,123.43,16.2,12.0632,3.8,175.0,175.0,1.0,32.3,53.2,20.4,1.6,10.5,14.7,6.5,139.2,1374,1087.0,,,,,
VOLCANIC BIGBEAT,volca_bb,A,1444,120.1,16.0,11.8942,7.8,148.0,148.0,1.0,51.4,40.3,39.8,4.2,24.3,41.5,0.0,201.5,1444,1122.0,,,,,
Votum stellarum-Hommarju Remix-,votumhmj,A,1384,117.12,18.2,11.6712,2.8,120.0,175.0,1.4583,68.0,37.0,56.0,18.9,36.6,6.2,0.0,222.7,1384,1092.0,,,,,
Vulkan,vulkan,A,1484,113.63,16.8,12.9298,3.2,205.0,205.0,1.0,26.3,55.6,21.6,9.9,18.4,3.8,0.0,135.6,1484,1142.0,,,,,
Wanna Party?,wn_party,X,1159,99.38,20.6,13.6188,1.4,128.0,128.0,1.0,51.9,110.3,50.9,10.8,8.7,2.2,0.0,234.8,1159,979.5,,,,,
Wanna Party?†,wnpartyl,A,1159,99.38,20.6,13.6188,1.4,128.0,128.0,1.0,51.9,110.3,50.9,10.8,8.7,2.2,0.0,234.8,1159,979.5,,,,,
winkle 2 winkle,winkle2w,A,1408,115.18,17.6,12.0707,2.2,171.0,171.0,1.0,52.9,43.4,44.5,1.6,9.8,9.6,0.0,161.8,1408,1104.0,,,,,
WISE UP!,wise_up,X,709,98.27,11.8,7.1192,1.2,127.0,127.0,1.0,28.0,40.4,24.6,6.7,11.7,2.9,0.0,114.3,709,709,,,,,
With You,withyu30,A,1296,116.9,15.2,11.0171,7.0,150.0,150.0,1.0,26.8,45.7,24.6,4.5,20.9,30.0,0.0,152.5,1296,1048.0,,,,,
Wolf 1061,wolf1061,A,1480,124.86,18.8,12.118,1.6,173.0,173.0,1.0,72.7,46.0,68.8,6.9,30.5,2.2,114.0,341.1,1453,1126.5,,,,,
Wonder Bullfighter,wonbull,A,1052,126.19,13.8,8.3365,6.0,126.0,126.0,1.0,35.6,24.9,30.6,5.2,15.5,54.0,0.0,165.8,1052,926.0,,,,,
Wonder Girl feat. Kanae Asaba,wndrgirl,A,1401,115.59,17.0,11.9672,1.6,160.0,160.0,1.0,54.6,56.5,44.7,14.0,23.7,4.8,0.0,198.3,1401,1100.5,,,,,
Wonderland,wndrland,A,1243,118.75,15.6,11.72,3.4,180.0,180.0,1.0,19.7,53.2,18.1,10.9,25.6,7.6,0.0,135.1,1243,1021.5,,,,,
X-ray binary,x_binary,A,1417,116.8,17.0,11.9846,1.2,150.0,150.0,1.0,78.2,45.5,64.3,12.4,29.1,3.0,0.0,232.5,1417,1108.5,,,,,
XANADU OF TWO,xanadu_2,X,1267,127.59,16.0,10.0848,1.4,160.0,160.0,1.0,29.5,44.8,32.2,13.9,18.8,3.5,0.0,142.7,1267,1033.5,,,,,
xenon,xenon,A,1216,104.81,16.2,11.4895,1.6,158.0,158.0,1.0,93.0,31.1,58.3,6.4,22.3,3.2,0.0,214.3,1216,1008.0,,,,,
XENON II ～TOMOYUKIの野望～,xenon2,A,1410,112.5,18.2,13.9188,1.6,160.0,160.0,1.0,89.0,41.9,70.8,17.3,31.3,3.6,16.7,270.6,1388,1094.0,,,,,
Xepher,xepher,A,1479,118.68,15.8,12.3513,1.6,170.0,170.0,1.0,77.6,41.0,72.4,19.8,27.3,4.3,0.0,242.4,1479,1139.5,,,,,
XINOBIKILL,xinobikl,A,1398,122.93,16.0,11.2472,1.2,164.0,164.0,1.0,65.7,37.5,62.5,10.2,26.6,3.2,23.0,228.7,1387,1093.5,,,,,
Xyndrome,xyndrome,A,1495,118.15,18.8,12.5546,4.2,195.0,195.0,1.0,20.6,64.2,17.4,11.2,13.8,17.0,25.2,169.4,1473,1136.5,,,,,
yamabiko(SINOBUZ Edition),yamabiko,A,1345,116.88,17.6,11.5534,1.8,154.0,154.0,1.0,53.8,52.8,43.5,12.0,31.5,5.8,1.3,200.7,1344,1072.0,,,,,
YELLOW FROG from Steel Chronicle,ylw_frog,X,1161,106.91,20.0,10.7981,1.4,110.0,110.0,1.0,42.4,76.0,36.4,10.6,23.4,4.7,81.1,274.6,1062,931.0,,,,,
Yellow Sketch(RX-Ver.S.P.L.),ylsketch,A,1462,118.64,16.2,12.1832,0.8,176.0,176.0,1.0,74.0,36.8,72.4,16.3,26.7,3.2,3.4,232.8,1458,1129.0,,,,,
You'll say \,youllnow,A,1051,97.55,21.2,11.0168,3.0,155.0,155.0,1.0,75.7,39.8,69.3,26.1,48.5,4.2,0.0,263.6,1051,925.5,,,,,
Yum Yum Jelly,yumjelly,A,1119,108.0,18.6,11.2545,3.4,180.0,180.0,1.0,35.9,41.8,34.1,12.4,26.9,6.7,21.9,179.7,1099,949.5,,,,,
ZED,zed,A,1405,122.53,16.6,11.3285,1.8,190.0,190.0,1.0,66.3,38.0,56.0,5.9,15.5,3.3,0.0,185.0,1405,1102.5,,,,,
ZENDEGI DANCE,zendegi,A,1230,115.59,15.8,11.7673,1.6,160.0,160.0,1.0,44.6,53.3,42.2,10.4,20.2,2.8,0.0,173.5,1230,1015.0,,,,,
Zenith,zenith,A,1128,130.24,13.6,8.6015,0.8,164.0,164.0,1.0,47.7,24.8,43.2,6.8,59.4,2.2,87.7,271.8,1045,922.5,,,,,
ZEИITH,zenithsv,A,1531,112.42,20.6,13.4071,4.2,190.0,190.0,1.0,43.9,46.1,41.1,9.6,25.4,14.5,0.0,180.6,1531,1165.5,,,,,
ZERO-ONE,zeroone,X,941,96.09,14.6,9.5856,0.8,160.0,160.0,1.0,62.2,30.4,34.6,13.5,20.8,1.9,0.0,163.4,941,870.5,,,,,
ZETA～素数の世界と超越者～,zeta,A,1533,153.5,17.6,9.9494,1.4,90.0,180.0,2.0,49.0,42.2,38.5,2.5,31.8,2.6,0.0,166.6,1533,1166.5,,,,,
100% minimoo-G,100mnm_g,A,861,119.29,10.4,7.2763,3.2,252.0,252.0,1.0,28.7,5.9,13.3,36.0,99.5,10.9,0.0,194.3,861,830.5,,,,,
10000 MILES AWAY,10000mil,A,1494,121.35,18.8,12.177,2.8,178.0,178.0,1.0,25.0,50.0,19.8,5.8,13.0,13.5,54.5,181.6,1400,1100.0,,,,,
1st Samurai,1samurai,A,1258,147.2,12.2,8.4635,3.6,120.0,200.0,1.6667,50.2,38.1,51.6,13.8,25.0,13.0,0.0,191.7,1258,1029.0,,,,,
2 tribe 4 K,2tribelc,A,1391,120.0,17.8,11.486,1.6,140.0,140.0,1.0,68.8,59.8,63.9,15.0,30.6,7.1,0.0,245.2,1391,1095.5,,,,,
20XX,20xx,A,1370,110.67,17.8,12.4145,1.6,180.0,180.0,1.0,75.9,39.1,53.8,8.1,19.5,5.2,0.0,201.6,1370,1085.0,,,,,
24th Century BOY,24th_boy,A,1456,119.02,17.6,12.2729,1.4,168.0,168.0,1.0,57.4,55.6,56.2,15.6,28.5,3.2,0.0,216.5,1456,1128.0,,,,,
27th style,27thstyl,A,1768,116.9,21.2,14.9487,9.2,150.0,150.0,1.0,35.0,30.6,33.3,8.2,21.4,150.2,0.6,279.3,1767,1283.5,,,,,
3V0,3v0,A,1530,120.63,18.8,12.8471,6.4,191.0,191.0,1.0,46.0,48.2,31.5,14.0,26.7,19.9,8.8,195.1,1528,1164.0,,,,,
405nm(Ryu☆mix),405nm,A,1301,107.2,18.4,11.9944,2.0,177.0,177.0,1.0,55.7,42.7,42.0,23.3,36.1,4.1,0.0,203.9,1301,1050.5,,,,,
50th Memorial Songs -The BEMANI History-,50th_bmn,A,1214,113.05,17.8,12.104,2.2,136.0,136.0,1.0,67.7,52.8,63.2,20.3,43.6,5.6,0.0,253.2,1214,1007.0,,,,,
532nm,532nm,A,1328,95.0,19.6,13.7479,2.2,177.0,177.0,1.0,75.0,48.3,56.3,16.8,26.9,4.4,0.0,227.7,1328,1064.0,,,,,
アイドル,_idol,X,1600,125.78,17.4,12.6444,2.4,166.0,166.0,1.0,55.4,57.2,43.8,3.4,9.6,8.3,0.0,177.7,1600,1200.0,,,,,
青の洞窟,_bgrotto,A,1600,128.91,23.0,12.3597,1.0,175.0,175.0,1.0,72.2,36.2,52.6,42.6,62.8,3.4,0.0,269.8,1600,1200.0,,,,,
朝焼けから始まるボクらの小さな旅,_asayake,A,1280,121.82,20.6,10.5702,1.4,100.0,218.0,2.18,26.3,45.7,25.5,34.4,57.3,5.1,0.0,194.3,1280,1040.0,,,,,
あるビー！ feat.ころねぽち,_aru_b,A,1457,120.0,15.6,12.0083,2.8,236.0,236.0,1.0,9.6,50.3,11.7,1.1,5.9,13.3,15.8,107.7,1441,1120.5,,,,,
& Intelligence,_and_int,A,1477,117.09,17.2,13.8585,3.8,160.0,160.0,1.0,82.1,37.6,69.3,7.3,31.2,20.7,16.1,264.3,1449,1124.5,,,,,
いつかオトナになれるといいね。,_itsuoto,A,1522,122.73,14.4,12.2878,1.6,176.0,176.0,1.0,35.1,55.5,33.1,5.8,14.5,3.4,0.0,147.4,1522,1161.0,,,,,
命の標本,_inochi,A,1342,119.34,17.6,11.095,2.6,183.0,183.0,1.0,49.7,49.8,45.8,12.3,19.1,6.1,0.0,182.8,1342,1071.0,,,,,
うさ☆かめ 大戦争！,_usakame,A,1173,113.14,15.4,10.2491,3.2,210.0,210.0,1.0,32.5,40.5,33.9,6.0,15.8,13.1,0.0,141.8,1173,986.5,,,,,
ウツシミウツシ,_utusimi,A,1595,120.77,17.0,13.0694,2.2,175.0,175.0,1.0,54.6,56.3,43.0,17.8,35.3,4.6,0.0,211.6,1595,1197.5,,,,,
麗 ～うらら～,_urara,A,1329,117.68,16.0,11.2424,2.0,155.0,155.0,1.0,77.1,29.3,70.3,13.3,43.5,5.3,0.0,238.8,1329,1064.5,,,,,
ÆTHER,_aether,A,1354,131.25,15.2,10.2318,2.8,24.0,192.0,8.0,31.7,35.0,31.9,5.6,20.3,14.5,0.0,139.0,1354,1077.0,,,,,
えだまめカレークッキング,_edamame,A,1119,105.6,15.0,10.8824,1.2,150.0,150.0,1.0,47.8,45.9,34.9,3.4,22.2,4.0,43.9,202.1,1061,930.5,,,,,
《ORDERBREAKER》,_orderbr,A,1257,117.2,13.2,10.6119,2.6,166.0,166.0,1.0,43.5,37.0,48.4,11.1,18.1,9.5,63.7,231.3,1175,987.5,,,,,
おーまい！らぶりー！すうぃーてぃ！だーりん！,_omylove,A,1356,120.09,15.2,12.2636,2.0,170.0,170.0,1.0,60.1,35.6,47.3,16.8,39.5,6.7,0.0,206.0,1356,1078.0,,,,,
オールトの雲,_oortcld,A,1335,119.51,17.4,11.065,2.8,215.0,215.0,1.0,19.5,48.1,17.3,0.6,13.8,4.5,20.7,124.5,1310,1055.0,,,,,
御千手メディテーション,_osenju,A,1152,124.51,15.0,9.1888,4.0,120.0,190.0,1.5833,40.5,7.7,41.5,20.8,21.8,23.8,0.0,156.1,1152,976.0,,,,,
オドループ,_oddloop,X,1500,115.9,14.8,12.8138,1.0,172.0,172.0,1.0,8.3,82.7,8.6,4.3,8.5,2.1,0.0,114.5,1500,1150.0,,,,,
鬼天,_onigami,A,1158,105.93,16.6,10.8679,1.4,161.0,161.0,1.0,51.9,35.0,42.7,28.7,58.2,3.7,40.2,260.4,1113,956.5,,,,,
朧,_oboro,X,1280,117.58,16.0,10.822,2.0,149.0,149.0,1.0,56.4,53.1,48.8,6.8,17.5,5.8,0.0,188.4,1280,1040.0,,,,,
朧†,_oborol,A,1280,117.58,16.0,10.822,2.0,149.0,149.0,1.0,56.4,53.1,48.8,6.8,17.5,5.8,0.0,188.4,1280,1040.0,,,,,
怪物,_kaibutu,X,1648,120.09,18.8,13.5488,2.4,170.0,170.0,1.0,15.9,87.4,14.3,3.0,8.9,5.5,12.5,147.5,1626,1213.0,,,,,
ガヴリールドロップキック,_gabriel,A,1287,120.1,16.2,11.2807,2.8,88.0,170.0,1.9318,36.1,47.8,27.5,14.6,24.2,11.5,17.2,178.9,1267,1033.5,,,,,
覚悟せよ！エンタンメ～ン～より身の切り売り自暴自棄版～,_kakugos,A,1468,125.17,15.2,11.6429,1.8,120.0,176.0,1.4667,49.0,44.0,44.0,30.7,49.2,5.5,31.8,254.2,1422,1111.0,,,,,
禍根,_srcof_c,A,1304,114.44,18.4,11.2487,1.4,170.0,170.0,1.0,69.1,34.9,69.9,16.1,30.8,2.5,0.0,223.3,1304,1052.0,,,,,
か・し・ま・し☆PUMP UP！,_kasimas,A,1333,123.43,15.2,10.6919,4.0,175.0,175.0,1.0,36.4,33.1,37.2,11.0,34.6,15.1,0.0,167.4,1333,1066.5,,,,,
合体せよ!ストロングイェーガー!!(Ryu☆ remix),_tsj_ryu,A,447,114.68,18.4,6.8762,2.0,155.0,155.0,1.0,66.1,36.0,44.3,16.2,43.3,5.7,0.0,211.6,447,447,,,,,
鴉,_karasu,A,1356,112.5,18.2,12.4593,2.4,190.0,190.0,1.0,14.0,59.0,20.4,6.5,19.0,8.0,0.0,126.9,1356,1078.0,,,,,
華麗なる!音戯探偵ひなビタ♫,_kareinr,A,1204,111.86,16.8,10.7143,2.2,72.0,127.0,1.7639,52.6,50.3,47.4,17.6,41.0,9.7,0.0,218.6,1204,1002.0,,,,,
きみのせかい,_kiminos,A,1446,136.06,18.2,10.5139,1.8,184.0,184.0,1.0,28.9,54.2,23.6,12.6,15.9,3.6,24.9,163.7,1402,1101.0,,,,,
響花水月,_kyouka,A,1487,120.0,17.6,12.2397,2.0,180.0,180.0,1.0,56.4,42.6,52.8,10.3,13.0,5.1,0.0,180.2,1487,1143.5,,,,,
狂水一華,_kichika,A,1370,117.09,14.6,11.5492,2.4,160.0,160.0,1.0,55.7,34.4,44.2,20.9,36.7,10.5,9.0,211.4,1354,1077.0,,,,,
ぐだふわエブリデー,_gudafwa,A,1169,87.27,15.8,13.2159,1.4,220.0,220.0,1.0,16.8,48.3,13.7,0.0,1.5,3.0,0.0,83.3,1169,984.5,,,,,
《GRANDMASTER》,_gmaster,A,1504,117.0,17.8,12.7322,2.8,160.0,160.0,1.0,96.1,34.1,85.0,7.8,16.6,6.8,15.1,261.5,1488,1144.0,,,,,
ゲシュタルト,_gestalt,X,1679,126.4,21.4,13.1953,2.0,150.0,150.0,1.0,45.4,93.6,36.3,5.9,14.2,6.5,1.7,203.6,1676,1238.0,,,,,
恋は白帯、サンシロー,_koisiro,X,1395,120.69,14.6,11.5058,1.8,175.0,175.0,1.0,20.9,71.9,20.3,4.6,25.8,5.2,1.5,150.2,1394,1097.0,,,,,
恋は白帯、サンシロー†,_koisirl,A,1395,120.69,14.6,11.5058,1.8,175.0,175.0,1.0,20.9,71.9,20.3,4.6,25.8,5.2,1.5,150.2,1394,1097.0,,,,,
ここからよろしく大作戦143,_ope_143,X,1598,126.52,16.2,12.5087,2.8,184.0,184.0,1.0,24.9,63.1,24.6,3.2,13.2,6.2,2.7,137.9,1594,1197.0,,,,,
炸裂！イェーガー電光チョップ!!(JAEGER FINAL ATTACK),_jfinala,A,1129,110.28,17.6,10.1171,2.8,159.0,159.0,1.0,42.5,43.2,39.9,7.9,66.3,8.7,0.0,208.5,1129,964.5,,,,,
時空トラベローグ,_jikutrv,A,1395,121.03,15.8,11.4115,1.6,234.0,234.0,1.0,30.3,35.9,30.4,8.6,31.4,4.3,0.0,140.9,1395,1097.5,,,,,
雫,_shizuku,A,1361,123.05,17.2,10.9726,2.0,95.0,210.0,2.2105,10.3,59.7,10.8,6.4,10.8,3.5,0.0,101.5,1361,1080.5,,,,,
死神自爆中二妹アイドルももかりん(1歳),_momoka,A,1328,110.86,18.8,11.8432,2.0,210.0,210.0,1.0,29.2,46.8,29.8,7.9,40.6,5.5,0.0,159.8,1328,1064.0,,,,,
忍恋花,_snbrnka,A,1039,102.86,16.0,10.0097,1.2,189.0,189.0,1.0,23.3,41.2,20.2,37.6,63.4,4.5,0.0,190.2,1039,919.5,,,,,
シャムシールの舞,_shamshr,A,1294,111.13,17.2,11.55,1.6,100.0,155.0,1.55,39.7,74.5,32.5,6.1,20.7,3.0,0.0,176.5,1294,1047.0,,,,,
純真可憐デザイア,_jdesire,X,1190,120.0,13.2,9.7702,1.6,182.0,182.0,1.0,9.0,38.4,11.3,5.7,12.8,6.7,5.7,89.6,1181,990.5,,,,,
少年リップルズ,_sripple,A,1242,108.57,16.2,11.3028,2.6,210.0,210.0,1.0,11.5,51.1,11.0,1.3,17.5,4.4,18.4,115.2,1226,1013.0,,,,,
シル・ヴ・プレジデント,_silvous,X,1301,91.36,19.2,14.1152,2.2,176.0,176.0,1.0,15.3,86.5,18.5,2.4,5.8,5.2,0.0,133.7,1301,1050.5,,,,,
セロトニン,_seroton,A,1192,116.9,16.6,10.0718,2.6,150.0,150.0,1.0,50.0,34.1,42.1,9.5,29.5,9.9,13.2,188.3,1177,988.5,,,,,
全力 SPECIAL VACATION!!～限りある休日～,_fullpwr,A,906,111.62,13.6,8.466,2.2,170.0,170.0,1.0,33.5,31.8,27.8,5.6,13.4,6.5,0.0,118.6,906,853.0,,,,,
創世ノート,_gennote,A,1481,118.8,18.0,12.4,2.8,200.0,200.0,1.0,38.5,46.4,36.6,8.9,31.5,7.5,0.0,169.4,1481,1140.5,,,,,
泰東ノ翠霞,_taito26,A,877,122.75,16.8,7.4684,3.0,180.0,180.0,1.0,12.8,22.3,25.1,83.7,155.4,8.5,0.0,307.8,877,838.5,,,,,
太陽SUNSUNボンジュールアバンチュール,_taiysun,A,1402,120.0,17.8,11.5868,2.4,140.0,140.0,1.0,62.0,61.0,61.3,19.4,82.4,6.1,0.0,292.2,1402,1101.0,,,,,
たからもの,_takara,X,980,134.51,10.8,7.2489,1.2,182.0,182.0,1.0,5.7,46.6,7.5,0.0,11.2,2.8,0.0,73.8,980,890.0,,,,,
打打打打打打打打打打,_dadada,A,1317,103.08,21.0,12.5962,2.2,156.0,156.0,1.0,40.5,69.9,29.3,8.8,90.3,5.1,6.0,249.9,1316,1058.0,,,,,
旅人リラン,_t_rerun,A,1206,119.23,17.0,10.04,1.2,155.0,155.0,1.0,55.2,50.0,43.9,7.6,65.6,4.4,0.0,226.7,1206,1003.0,,,,,
断罪の一花,_danzai1,A,1296,119.35,17.8,10.7833,1.6,185.0,185.0,1.0,33.3,58.3,26.8,2.2,5.8,4.7,10.8,141.9,1282,1041.0,,,,,
タンポポ,_tanpopo,A,1346,101.36,16.6,13.1412,2.0,206.0,206.0,1.0,15.6,65.8,13.1,3.3,8.2,4.9,0.0,110.9,1346,1073.0,,,,,
チェイスチェイスジョーカーズのうた(オニスタイルリミックス),_ccj_oni,A,1427,121.2,15.8,11.6705,2.4,200.0,200.0,1.0,5.8,56.4,5.4,1.5,49.1,12.5,0.0,130.7,1427,1113.5,,,,,
ちょえちょえまぎか,_choe,A,2098,116.0,22.6,17.906,0.8,180.0,180.0,1.0,66.9,88.2,66.1,15.3,16.7,2.8,0.0,256.0,2098,1449.0,,,,,
追想快晴テーマパーク,_sunpark,A,1589,120.71,18.2,13.0595,1.6,170.0,170.0,1.0,60.7,61.8,54.9,5.4,34.0,4.2,0.0,221.0,1589,1194.5,,,,,
月とミルク,_tktmilk,A,1400,118.82,17.0,11.7475,1.4,190.0,190.0,1.0,31.7,51.9,25.3,11.7,19.5,2.3,0.0,142.4,1400,1100.0,,,,,
ディッシュウォッシャー◎彡おいわちゃん,_dw_oiwa,A,1199,112.0,15.2,10.5982,4.0,210.0,210.0,1.0,12.6,54.8,7.3,30.9,52.1,10.6,0.0,168.3,1199,999.5,,,,,
天空脳番長危機十六連打,_rage16,A,1170,113.6,16.8,10.1614,2.0,150.0,150.0,1.0,84.2,29.8,62.4,8.9,21.5,5.2,0.0,212.0,1170,985.0,,,,,
デッドボヲルdeホームラン,_deadbal,A,1417,107.59,16.8,13.0926,2.6,145.0,145.0,1.0,49.4,61.8,50.4,15.5,32.1,9.1,0.0,218.3,1417,1108.5,,,,,
デモーニッシュ,_damonis,A,1580,104.16,26.4,14.9086,0.8,120.0,200.0,1.6667,36.2,88.8,34.9,12.0,14.3,1.6,0.0,187.8,1580,1190.0,,,,,
Ｘ↑Ｘ↓,_x7xl,A,1397,125.67,18.4,10.9889,2.8,172.0,172.0,1.0,45.8,58.3,39.4,28.3,40.6,5.8,0.0,218.2,1397,1098.5,,,,,
でんぱ どりる わんにゃー☆三,_dpdrill,A,1679,120.0,17.8,13.8314,2.8,182.0,182.0,1.0,30.0,67.0,25.9,1.0,10.2,6.2,18.9,159.2,1642,1221.0,,,,,
ドッキン☆サマーあばんちゅーる,_dsummer,A,1447,120.0,19.4,11.9421,5.4,180.0,180.0,1.0,29.6,57.1,27.2,22.3,17.0,16.8,0.0,170.0,1447,1123.5,,,,,
とろぴかる倶楽部,_trpclub,A,1154,108.0,16.8,10.6426,4.6,120.0,120.0,1.0,42.3,38.3,35.3,5.5,24.2,32.0,0.0,177.6,1154,977.0,,,,,
涙のテ・エストラーニョ・ムーチョ,_namidam,A,1422,120.64,15.4,11.6694,2.0,187.0,187.0,1.0,48.9,42.5,42.8,4.5,28.9,4.9,24.8,197.3,1391,1095.5,,,,,
寝起きヤシの木,_neokiys,A,1411,114.0,16.6,12.2209,4.8,160.0,160.0,1.0,27.9,58.0,13.2,23.5,25.9,15.0,0.0,163.5,1411,1105.5,,,,,
眠りの国のステラ,_stellad,A,1393,120.31,14.2,11.4893,1.8,193.0,193.0,1.0,41.4,36.0,30.5,12.7,23.1,6.7,36.7,187.1,1352,1076.0,,,,,
ハードベース・フェスタ,_hbfesta,A,1282,121.52,16.0,11.6327,3.2,158.0,158.0,1.0,42.5,43.3,28.8,3.1,17.1,12.4,0.0,147.2,1282,1041.0,,,,,
パーフェクトイーター,_pfeater,A,1531,124.8,15.6,12.208,2.4,175.0,175.0,1.0,52.6,36.5,40.5,5.0,17.6,10.4,2.0,164.6,1527,1163.5,,,,,
ハオ,_hao,A,1459,127.72,15.4,11.3578,1.6,120.0,176.0,1.4667,34.8,61.0,34.9,5.5,12.2,4.8,0.0,153.2,1459,1129.5,,,,,
儚き恋の華,_hakakoi,A,1515,117.04,16.2,12.8305,3.0,162.0,162.0,1.0,49.0,52.2,46.0,2.3,12.5,13.2,0.0,175.2,1515,1157.5,,,,,
爆ゼニ☆がってんワーカー,_bakzeni,A,1323,121.54,16.8,11.669,1.4,195.0,195.0,1.0,42.7,51.5,36.6,7.7,26.5,5.7,0.0,170.7,1323,1061.5,,,,,
爆ぜりゃんせ,_hazerya,A,1521,118.69,16.2,12.679,3.2,172.0,172.0,1.0,56.3,43.2,48.0,1.4,22.0,12.7,4.2,187.8,1516,1158.0,,,,,
果たせぬ約束 ft. 小林マナ,_hatasen,A,1515,125.85,17.4,12.0079,1.8,164.0,164.0,1.0,43.4,57.3,39.6,14.7,19.6,5.6,0.0,180.2,1515,1157.5,,,,,
バッドエンド・シンドローム,_badends,A,1497,129.52,17.6,11.5108,1.4,126.0,126.0,1.0,86.1,70.2,94.1,48.5,46.9,2.0,0.0,347.8,1497,1148.5,,,,,
花冠 feat.Aikapin,_hanakan,A,1230,121.45,17.4,11.7308,8.2,83.0,180.0,2.1687,23.3,29.9,12.3,9.3,37.1,59.3,0.0,171.2,1230,1015.0,,,,,
バ→ビ→ブ→Bomb!,_babibu,A,1238,116.57,17.6,10.5641,2.2,175.0,175.0,1.0,40.0,33.9,30.3,18.0,29.7,11.8,10.8,174.5,1235,1017.5,,,,,
パ→ピ→プ→Yeah!,_papipu,A,1256,105.09,18.4,11.8019,1.0,160.0,160.0,1.0,45.1,67.6,26.9,10.0,37.5,2.4,28.9,218.4,1227,1013.5,,,,,
パラドキシカル・タイムリープトライアル(Short Ver.),_paradox,A,1305,118.72,15.8,10.8756,3.2,188.0,188.0,1.0,40.9,43.2,35.2,8.8,20.3,8.0,0.0,156.4,1305,1052.5,,,,,
バンブーソード・ガール,_bamboos,A,1213,110.77,15.2,10.8432,3.0,208.0,208.0,1.0,31.7,13.3,42.5,7.5,19.4,14.3,0.0,128.7,1213,1006.5,,,,,
¡Viva!,_viva_,X,1004,108.44,12.8,9.1578,2.4,135.0,135.0,1.0,37.6,45.3,21.8,3.2,24.2,6.2,2.4,140.7,1001,900.5,,,,,
",",_hiraki,A,1338,120.0,15.2,11.9089,6.2,200.0,200.0,1.0,30.5,41.4,25.8,2.3,7.5,17.2,0.0,124.7,1338,1069.0,,,,,
ファイナルレター,_fletter,A,1371,120.59,15.6,11.2793,1.8,205.0,205.0,1.0,38.0,32.0,41.7,3.2,10.3,5.0,20.8,151.0,1346,1073.0,,,,,
冬椿 ft. Kanae Asaba,_fuyutbk,X,1535,120.77,17.0,12.6579,1.8,155.0,155.0,1.0,70.9,48.2,55.6,16.9,38.3,5.9,0.0,235.8,1535,1167.5,,,,,
冬椿 ft. Kanae Asaba†,_fuyutbl,A,1535,120.77,17.0,12.6579,1.8,155.0,155.0,1.0,70.9,48.2,55.6,16.9,38.3,5.9,0.0,235.8,1535,1167.5,,,,,
ぷろぐれっしぶ時空少女!うらしまたろ子ちゃん!,_progura,A,1203,111.09,16.6,10.836,1.8,175.0,175.0,1.0,37.7,39.0,36.6,4.6,17.2,6.6,0.0,141.7,1203,1001.5,,,,,
ベィスドロップ・フリークス,_basdrop,X,1175,113.97,13.4,10.331,3.2,179.0,179.0,1.0,34.5,40.1,28.7,9.4,20.4,11.0,16.0,160.1,1156,978.0,,,,,
ベラ・ベ・カラベラ,_bl_clvr,A,1436,120.0,16.0,11.8314,7.6,150.0,150.0,1.0,49.8,27.9,37.1,13.7,43.4,53.6,2.1,227.6,1432,1116.0,,,,,
牧神笛吹きて,_aigipan,A,1030,126.11,16.8,8.0976,1.6,157.0,157.0,1.0,54.2,29.4,53.5,10.6,27.0,3.4,0.0,178.1,1030,915.0,,,,,
マーシャル・マキシマイザー,_marsmax,A,1082,89.68,16.8,11.8978,1.8,190.0,190.0,1.0,14.8,57.6,15.7,0.6,4.9,5.9,0.0,99.5,1082,941.0,,,,,
マインド・ゲーム,_mind_gm,A,1225,113.33,16.6,10.714,1.2,180.0,180.0,1.0,32.2,47.1,23.2,1.4,18.0,4.6,0.0,126.5,1225,1012.5,,,,,
マチ子の唄,_s_machi,X,1144,110.53,17.6,10.2216,3.2,152.0,152.0,1.0,8.9,76.5,8.2,1.2,8.4,7.7,82.8,193.7,989,894.5,,,,,
マツケンサンバII,_matuken,A,1460,122.52,16.8,11.8179,2.2,149.0,149.0,1.0,26.7,71.4,25.3,12.9,20.0,11.8,16.7,184.8,1440,1120.0,,,,,
まほろば,_mhoroba,X,958,111.14,15.4,8.5518,2.6,149.0,149.0,1.0,54.2,33.0,40.2,2.0,16.1,7.6,0.0,153.1,958,879.0,,,,,
曼荼羅恋々,_mandara,A,1289,122.42,15.2,11.2982,1.8,198.0,198.0,1.0,36.5,39.4,32.9,0.0,14.2,6.6,0.0,129.6,1289,1044.5,,,,,
ミッドナイト☆WAR,_mid_war,A,1143,112.31,15.4,10.5481,1.8,156.0,156.0,1.0,42.9,41.9,33.8,17.0,19.7,6.1,24.0,185.4,1103,951.5,,,,,
ミッドナイト堕天使,_mdatn24,A,1381,115.2,15.4,11.8966,2.8,150.0,150.0,1.0,71.2,50.1,59.7,11.8,21.0,4.4,0.0,218.2,1381,1090.5,,,,,
ミュージック・アワー,_mschour,A,2096,119.36,22.2,17.3767,3.8,165.0,165.0,1.0,59.5,85.2,55.9,14.9,23.2,20.0,16.4,275.1,2068,1434.0,,,,,
無意識のフィロソフィア,_unphilo,A,1682,127.5,16.4,13.1312,2.2,160.0,160.0,1.0,82.6,45.9,65.8,9.7,24.7,3.8,0.0,232.5,1682,1241.0,,,,,
無双,_musou,A,1677,133.33,16.8,12.4328,1.6,180.0,180.0,1.0,32.8,59.1,24.3,12.0,16.9,5.7,0.0,150.8,1677,1238.5,,,,,
めうめうぺったんたん！！(ZAQUVA Remix),_meumeuz,A,1419,121.2,14.6,11.6131,4.2,200.0,200.0,1.0,14.4,48.1,10.9,4.8,29.2,11.7,0.0,119.1,1419,1109.5,,,,,
メズマライザー,_mesmerz,A,1375,123.32,15.4,11.0484,1.0,185.0,185.0,1.0,36.4,44.7,25.2,9.2,15.2,1.4,11.1,143.2,1350,1075.0,,,,,
もっと!モット!ときめき feat.松下,_mottoki,A,1296,127.22,15.2,10.0656,3.0,185.0,185.0,1.0,49.4,6.7,43.0,11.5,33.0,12.9,0.9,157.4,1294,1047.0,,,,,
勇者,_yuusha,A,1245,105.14,15.4,11.717,1.0,210.0,210.0,1.0,15.5,51.9,17.7,0.6,6.7,2.3,0.0,94.7,1245,1022.5,,,,,
夕焼け～Fading Day～,_yuuyake,A,1310,113.19,16.8,11.4719,2.2,174.0,174.0,1.0,68.8,39.5,61.6,6.9,18.0,5.9,0.0,200.7,1310,1055.0,,,,,
ユミル,_ymir,A,1434,118.54,17.0,12.0235,2.2,164.0,164.0,1.0,57.2,53.9,50.6,4.2,35.1,7.0,0.0,208.0,1434,1117.0,,,,,
夢縁,_ymenisi,A,1515,122.96,16.6,12.3089,2.2,162.0,162.0,1.0,56.7,48.9,43.4,7.9,24.1,6.5,0.0,187.5,1515,1157.5,,,,,
ラクエン,_rakuen,A,1034,118.94,15.6,8.7504,5.0,99.0,198.0,2.0,41.6,25.7,29.3,8.4,16.8,44.1,0.0,165.9,1034,917.0,,,,,
ラビットホール,_rabbith,A,1471,124.86,15.4,11.6496,1.4,173.0,173.0,1.0,42.7,59.5,20.0,15.4,24.1,5.4,0.0,167.1,1471,1135.5,,,,,
ランカーキラーガール,_rankerk,A,1382,121.8,17.8,12.1735,1.4,200.0,200.0,1.0,23.1,54.6,27.2,8.7,20.1,5.1,6.7,145.5,1377,1088.5,,,,,
乱膳の舞姫,_feastof,A,1382,114.39,19.0,11.9617,2.4,171.0,171.0,1.0,63.9,38.4,51.1,3.9,15.6,4.8,39.7,217.4,1323,1061.5,,,,,
輪廻の鴉,_rinne_k,A,1398,116.44,17.2,11.8444,1.2,198.0,198.0,1.0,46.6,49.6,42.2,9.3,21.7,3.5,0.0,172.9,1398,1099.0,,,,,
量子の海のリントヴルム,_maudand,A,1407,125.14,18.6,11.1476,1.4,280.0,280.0,1.0,51.9,48.1,48.2,12.0,13.6,3.2,18.9,195.9,1389,1094.5,,,,,
凛として咲く花の如く,_rintost,X,1284,123.68,15.8,10.3306,1.6,163.0,163.0,1.0,44.3,55.5,34.3,11.1,24.5,2.3,0.0,172.0,1284,1042.0,,,,,
凛として咲く花の如く†,_rintosl,A,1486,123.68,17.2,11.9565,1.8,163.0,163.0,1.0,50.7,70.2,39.5,19.3,24.9,2.3,0.0,206.9,1486,1143.0,,,,,
令和(1991RAVE REMIX),_reiwa_r,A,1033,103.89,13.8,10.4367,6.0,148.0,148.0,1.0,17.3,50.8,16.8,2.0,12.1,37.2,4.2,140.4,1029,914.5,,,,,
煉獄コンフィチュール,_rconfit,A,1353,116.95,15.6,11.506,1.6,236.0,236.0,1.0,26.7,41.5,27.7,4.8,12.6,7.1,0.0,120.4,1353,1076.5,,,,,
錬成人間トリコロイダー,_rensein,A,1446,116.21,19.4,13.3259,3.0,190.0,190.0,1.0,11.2,71.8,10.0,6.4,23.7,10.7,0.0,133.8,1446,1123.0,,,,,
惑星☆ロリポップ,_wakloli,A,1425,105.33,17.4,13.3566,3.0,180.0,180.0,1.0,38.1,51.9,31.6,6.7,12.7,8.8,0.0,149.8,1425,1112.5,,,,,
